Invoice ID,Customer type,Gender,City,Branch
750-67-8428,Member,Female,Yangon,A
226-31-3081,Normal,Female,Naypyitaw,C
631-41-3108,Normal,Male,Yangon,A
123-19-1176,Member,Male,Yangon,A
373-73-7910,Normal,Male,Yangon,A
699-14-3026,Normal,Male,Naypyitaw,C
355-53-5943,Member,Female,Yangon,A
315-22-5665,Normal,Female,Naypyitaw,C
665-32-9167,Member,Female,Yangon,A
692-92-5582,Member,Female,Mandalay,B
351-62-0822,Member,Female,Mandalay,B
529-56-3974,Member,Male,Mandalay,B
365-64-0515,Normal,Female,Yangon,A
252-56-2699,Normal,Male,Yangon,A
829-34-3910,Normal,Female,Yangon,A
299-46-1805,Member,Female,Mandalay,B
656-95-9349,Member,Female,Yangon,A
765-26-6951,Normal,Male,Yangon,A
329-62-1586,Normal,Male,Yangon,A
319-50-3348,Normal,Female,Mandalay,B
300-71-4605,Member,Male,Naypyitaw,C
371-85-5789,Normal,Male,Mandalay,B
273-16-6619,Normal,Male,Mandalay,B
636-48-8204,Normal,Male,Yangon,A
549-59-1358,Member,Male,Yangon,A
227-03-5010,Member,Female,Yangon,A
649-29-6775,Normal,Male,Mandalay,B
189-17-4241,Normal,Female,Yangon,A
145-94-9061,Normal,Female,Mandalay,B
848-62-7243,Normal,Male,Yangon,A
871-79-8483,Normal,Male,Mandalay,B
149-71-6266,Member,Male,Mandalay,B
640-49-2076,Normal,Male,Mandalay,B
595-11-5460,Normal,Male,Yangon,A
183-56-6882,Member,Female,Naypyitaw,C
232-16-2483,Member,Female,Naypyitaw,C
129-29-8530,Member,Male,Yangon,A
272-65-1806,Normal,Female,Yangon,A
333-73-7901,Normal,Female,Naypyitaw,C
777-82-7220,Member,Male,Mandalay,B
280-35-5823,Member,Female,Mandalay,B
554-53-8700,Member,Male,Naypyitaw,C
354-25-5821,Member,Female,Mandalay,B
228-96-1411,Member,Female,Naypyitaw,C
617-15-4209,Member,Male,Naypyitaw,C
132-32-9879,Member,Female,Mandalay,B
370-41-7321,Member,Male,Mandalay,B
727-46-3608,Member,Female,Mandalay,B
669-54-1719,Member,Male,Mandalay,B
574-22-5561,Member,Female,Naypyitaw,C
326-78-5178,Member,Male,Naypyitaw,C
162-48-8011,Member,Female,Yangon,A
616-24-2851,Member,Female,Mandalay,B
778-71-5554,Member,Male,Naypyitaw,C
242-55-6721,Normal,Male,Mandalay,B
399-46-5918,Normal,Female,Naypyitaw,C
106-35-6779,Member,Male,Yangon,A
635-40-6220,Normal,Male,Yangon,A
817-48-8732,Member,Female,Yangon,A
120-06-4233,Normal,Male,Naypyitaw,C
285-68-5083,Member,Female,Naypyitaw,C
803-83-5989,Normal,Male,Naypyitaw,C
347-34-2234,Member,Female,Mandalay,B
199-75-8169,Member,Male,Yangon,A
853-23-2453,Member,Male,Mandalay,B
877-22-3308,Member,Male,Yangon,A
838-78-4295,Normal,Female,Naypyitaw,C
109-28-2512,Member,Female,Mandalay,B
232-11-3025,Normal,Male,Yangon,A
382-03-4532,Member,Female,Yangon,A
393-65-2792,Normal,Male,Naypyitaw,C
796-12-2025,Normal,Male,Naypyitaw,C
510-95-6347,Member,Female,Mandalay,B
841-35-6630,Normal,Female,Naypyitaw,C
287-21-9091,Normal,Male,Yangon,A
732-94-0499,Normal,Female,Naypyitaw,C
263-10-3913,Member,Male,Naypyitaw,C
381-20-0914,Member,Female,Yangon,A
829-49-1914,Member,Female,Naypyitaw,C
756-01-7507,Normal,Female,Naypyitaw,C
870-72-4431,Normal,Female,Naypyitaw,C
847-38-7188,Normal,Female,Mandalay,B
480-63-2856,Normal,Male,Naypyitaw,C
787-56-0757,Member,Female,Naypyitaw,C
360-39-5055,Member,Male,Naypyitaw,C
730-50-9884,Normal,Female,Naypyitaw,C
362-58-8315,Normal,Male,Naypyitaw,C
633-44-8566,Member,Male,Yangon,A
504-35-8843,Normal,Male,Yangon,A
318-68-5053,Normal,Female,Mandalay,B
565-80-5980,Member,Female,Naypyitaw,C
225-32-0908,Normal,Female,Naypyitaw,C
873-51-0671,Member,Female,Yangon,A
152-08-9985,Member,Male,Mandalay,B
512-91-0811,Normal,Male,Naypyitaw,C
594-34-4444,Normal,Male,Yangon,A
766-85-7061,Normal,Male,Mandalay,B
871-39-9221,Normal,Female,Naypyitaw,C
865-92-6136,Normal,Male,Yangon,A
733-01-9107,Normal,Male,Mandalay,B
163-56-7055,Member,Male,Naypyitaw,C
189-98-2939,Normal,Male,Naypyitaw,C
551-21-3069,Normal,Female,Naypyitaw,C
212-62-1842,Normal,Male,Yangon,A
716-39-1409,Normal,Male,Mandalay,B
704-48-3927,Member,Male,Yangon,A
628-34-3388,Normal,Male,Naypyitaw,C
630-74-5166,Normal,Male,Yangon,A
588-01-7461,Normal,Female,Naypyitaw,C
861-77-0145,Member,Male,Naypyitaw,C
479-26-8945,Member,Female,Mandalay,B
210-67-5886,Member,Female,Naypyitaw,C
227-78-1148,Normal,Female,Mandalay,B
645-44-1170,Member,Male,Yangon,A
237-01-6122,Member,Female,Naypyitaw,C
225-98-1496,Normal,Female,Naypyitaw,C
291-32-1427,Member,Male,Mandalay,B
659-65-8956,Member,Male,Mandalay,B
642-32-2990,Normal,Female,Yangon,A
378-24-2715,Normal,Male,Mandalay,B
638-60-7125,Normal,Female,Yangon,A
659-36-1684,Member,Male,Naypyitaw,C
219-22-9386,Member,Male,Mandalay,B
336-78-2147,Member,Male,Naypyitaw,C
268-27-6179,Member,Female,Mandalay,B
668-90-8900,Normal,Female,Yangon,A
870-54-3162,Normal,Female,Yangon,A
189-08-9157,Normal,Female,Naypyitaw,C
663-86-9076,Member,Female,Naypyitaw,C
549-84-7482,Normal,Female,Mandalay,B
191-10-6171,Normal,Female,Mandalay,B
802-70-5316,Member,Female,Yangon,A
695-51-0018,Normal,Female,Mandalay,B
590-83-4591,Member,Male,Mandalay,B
483-71-1164,Normal,Female,Naypyitaw,C
597-78-7908,Normal,Male,Naypyitaw,C
700-81-1757,Normal,Female,Yangon,A
354-39-5160,Member,Female,Yangon,A
241-72-9525,Normal,Male,Mandalay,B
575-30-8091,Normal,Male,Yangon,A
731-81-9469,Member,Female,Naypyitaw,C
280-17-4359,Member,Male,Naypyitaw,C
338-65-2210,Member,Female,Naypyitaw,C
488-25-4221,Member,Female,Naypyitaw,C
239-10-7476,Normal,Female,Yangon,A
458-41-1477,Normal,Female,Naypyitaw,C
685-64-1609,Member,Female,Yangon,A
568-90-5112,Normal,Male,Naypyitaw,C
262-47-2794,Member,Male,Mandalay,B
238-49-0436,Normal,Male,Yangon,A
608-96-3517,Member,Female,Mandalay,B
584-86-7256,Member,Male,Naypyitaw,C
746-94-0204,Normal,Male,Yangon,A
214-17-6927,Normal,Female,Naypyitaw,C
400-89-4171,Normal,Female,Naypyitaw,C
782-95-9291,Member,Male,Yangon,A
279-74-2924,Member,Male,Mandalay,B
307-85-2293,Normal,Male,Mandalay,B
743-04-1105,Member,Male,Mandalay,B
423-57-2993,Normal,Male,Mandalay,B
894-41-5205,Normal,Female,Naypyitaw,C
275-28-0149,Normal,Male,Yangon,A
101-17-6199,Normal,Male,Yangon,A
423-80-0988,Normal,Male,Naypyitaw,C
548-46-9322,Normal,Male,Mandalay,B
505-02-0892,Member,Male,Mandalay,B
234-65-2137,Normal,Male,Naypyitaw,C
687-47-8271,Normal,Male,Yangon,A
796-32-9050,Normal,Male,Yangon,A
105-31-1824,Member,Male,Yangon,A
249-42-3782,Normal,Male,Yangon,A
316-55-4634,Member,Male,Mandalay,B
733-33-4967,Normal,Male,Naypyitaw,C
608-27-6295,Member,Male,Mandalay,B
414-12-7047,Normal,Male,Mandalay,B
827-26-2100,Member,Male,Yangon,A
175-54-2529,Member,Male,Yangon,A
139-52-2867,Normal,Female,Naypyitaw,C
407-63-8975,Normal,Male,Yangon,A
342-65-4817,Member,Male,Naypyitaw,C
130-98-8941,Normal,Male,Naypyitaw,C
434-83-9547,Member,Male,Naypyitaw,C
851-28-6367,Member,Male,Yangon,A
824-88-3614,Normal,Male,Naypyitaw,C
586-25-0848,Normal,Female,Yangon,A
895-66-0685,Member,Male,Mandalay,B
305-14-0245,Member,Female,Mandalay,B
732-04-5373,Member,Male,Mandalay,B
400-60-7251,Normal,Male,Yangon,A
593-65-1552,Normal,Female,Naypyitaw,C
284-34-9626,Normal,Female,Mandalay,B
437-58-8131,Normal,Female,Mandalay,B
286-43-6208,Normal,Female,Naypyitaw,C
641-43-2399,Normal,Male,Mandalay,B
831-07-6050,Normal,Male,Yangon,A
556-86-3144,Member,Female,Naypyitaw,C
848-24-9445,Member,Male,Naypyitaw,C
856-22-8149,Normal,Female,Yangon,A
699-01-4164,Normal,Male,Naypyitaw,C
420-11-4919,Member,Female,Naypyitaw,C
606-80-4905,Member,Female,Naypyitaw,C
542-41-0513,Member,Female,Mandalay,B
426-39-2418,Normal,Male,Naypyitaw,C
875-46-5808,Member,Male,Mandalay,B
394-43-4238,Member,Male,Mandalay,B
749-24-1565,Normal,Female,Yangon,A
672-51-8681,Member,Female,Naypyitaw,C
263-87-5680,Member,Female,Naypyitaw,C
573-58-9734,Normal,Female,Mandalay,B
817-69-8206,Normal,Female,Mandalay,B
888-02-0338,Normal,Male,Yangon,A
677-11-0152,Normal,Female,Naypyitaw,C
142-63-6033,Normal,Male,Mandalay,B
656-16-1063,Normal,Male,Mandalay,B
891-58-8335,Member,Female,Mandalay,B
802-43-8934,Normal,Male,Yangon,A
560-30-5617,Normal,Female,Mandalay,B
319-74-2561,Member,Female,Yangon,A
549-03-9315,Normal,Male,Mandalay,B
790-29-1172,Normal,Female,Mandalay,B
239-36-3640,Normal,Male,Mandalay,B
468-01-2051,Normal,Male,Mandalay,B
389-25-3394,Normal,Male,Naypyitaw,C
279-62-1445,Member,Female,Naypyitaw,C
213-72-6612,Normal,Male,Yangon,A
746-68-6593,Member,Female,Naypyitaw,C
836-82-5858,Member,Male,Mandalay,B
583-72-1480,Member,Male,Naypyitaw,C
466-61-5506,Member,Female,Mandalay,B
721-86-6247,Normal,Female,Yangon,A
289-65-5721,Normal,Female,Mandalay,B
545-46-3100,Member,Female,Mandalay,B
418-02-5978,Normal,Female,Mandalay,B
269-04-5750,Member,Male,Mandalay,B
157-13-5295,Member,Male,Yangon,A
645-78-8093,Normal,Female,Yangon,A
211-30-9270,Normal,Male,Naypyitaw,C
755-12-3214,Member,Female,Naypyitaw,C
346-84-3103,Member,Female,Mandalay,B
478-06-7835,Normal,Male,Yangon,A
540-11-4336,Normal,Male,Yangon,A
448-81-5016,Normal,Male,Yangon,A
142-72-4741,Member,Male,Naypyitaw,C
217-58-1179,Member,Male,Yangon,A
376-02-8238,Normal,Male,Mandalay,B
530-90-9855,Member,Male,Yangon,A
866-05-7563,Member,Female,Mandalay,B
604-70-6476,Member,Male,Yangon,A
799-71-1548,Member,Male,Yangon,A
785-13-7708,Normal,Male,Mandalay,B
845-51-0542,Member,Male,Mandalay,B
662-47-5456,Member,Male,Naypyitaw,C
883-17-4236,Normal,Female,Naypyitaw,C
290-68-2984,Normal,Male,Yangon,A
704-11-6354,Member,Male,Yangon,A
110-48-7033,Member,Male,Mandalay,B
366-93-0948,Member,Male,Yangon,A
729-09-9681,Member,Male,Yangon,A
151-16-1484,Member,Male,Yangon,A
380-94-4661,Member,Male,Naypyitaw,C
850-41-9669,Normal,Female,Yangon,A
821-07-3596,Normal,Female,Naypyitaw,C
655-85-5130,Member,Female,Mandalay,B
447-15-7839,Member,Female,Yangon,A
154-74-7179,Normal,Male,Mandalay,B
253-12-6086,Member,Female,Yangon,A
808-65-0703,Normal,Male,Naypyitaw,C
571-94-0759,Member,Female,Mandalay,B
144-51-6085,Member,Male,Yangon,A
731-14-2199,Member,Female,Yangon,A
783-09-1637,Normal,Female,Mandalay,B
687-15-1097,Member,Female,Naypyitaw,C
126-54-1082,Member,Female,Yangon,A
633-91-1052,Normal,Female,Yangon,A
477-24-6490,Normal,Female,Mandalay,B
566-19-5475,Normal,Male,Mandalay,B
526-86-8552,Member,Female,Naypyitaw,C
376-56-3573,Normal,Female,Naypyitaw,C
537-72-0426,Member,Male,Naypyitaw,C
828-61-5674,Member,Male,Yangon,A
136-08-6195,Normal,Female,Yangon,A
523-38-0215,Normal,Male,Naypyitaw,C
490-29-1201,Normal,Female,Yangon,A
667-92-0055,Member,Male,Yangon,A
565-17-3836,Member,Female,Yangon,A
498-41-1961,Normal,Male,Mandalay,B
593-95-4461,Member,Male,Naypyitaw,C
226-71-3580,Normal,Female,Naypyitaw,C
283-79-9594,Normal,Female,Mandalay,B
430-60-3493,Member,Female,Yangon,A
139-20-0155,Member,Male,Mandalay,B
558-80-4082,Normal,Male,Naypyitaw,C
278-97-7759,Member,Female,Yangon,A
316-68-6352,Member,Female,Yangon,A
585-03-5943,Normal,Male,Mandalay,B
211-05-0490,Member,Female,Naypyitaw,C
727-75-6477,Normal,Male,Naypyitaw,C
744-02-5987,Member,Male,Yangon,A
307-83-9164,Member,Male,Yangon,A
779-06-0012,Member,Female,Naypyitaw,C
446-47-6729,Normal,Male,Naypyitaw,C
573-10-3877,Member,Male,Mandalay,B
735-06-4124,Normal,Male,Naypyitaw,C
439-54-7422,Normal,Female,Yangon,A
396-90-2219,Normal,Female,Mandalay,B
411-77-0180,Member,Male,Yangon,A
286-01-5402,Normal,Female,Yangon,A
803-17-8013,Member,Female,Yangon,A
512-98-1403,Member,Female,Yangon,A
848-42-2560,Normal,Female,Yangon,A
532-59-7201,Member,Male,Mandalay,B
181-94-6432,Member,Male,Naypyitaw,C
870-76-1733,Member,Female,Yangon,A
423-64-4619,Member,Female,Yangon,A
227-07-4446,Member,Female,Naypyitaw,C
174-36-3675,Member,Male,Naypyitaw,C
428-83-5800,Member,Female,Naypyitaw,C
603-07-0961,Member,Male,Naypyitaw,C
704-20-4138,Member,Female,Naypyitaw,C
787-15-1757,Member,Male,Naypyitaw,C
649-11-3678,Normal,Female,Naypyitaw,C
622-20-1945,Normal,Female,Naypyitaw,C
372-94-8041,Normal,Male,Yangon,A
563-91-7120,Normal,Female,Yangon,A
746-54-5508,Normal,Male,Yangon,A
276-54-0879,Normal,Male,Mandalay,B
815-11-1168,Member,Male,Yangon,A
719-76-3868,Member,Male,Naypyitaw,C
730-61-8757,Member,Male,Mandalay,B
340-66-0321,Member,Male,Yangon,A
868-81-1752,Normal,Male,Mandalay,B
634-97-8956,Normal,Male,Yangon,A
566-71-1091,Normal,Male,Yangon,A
442-48-3607,Member,Male,Yangon,A
835-16-0096,Member,Male,Naypyitaw,C
527-09-6272,Member,Female,Yangon,A
898-04-2717,Normal,Male,Yangon,A
692-27-8933,Normal,Female,Mandalay,B
633-09-3463,Normal,Female,Naypyitaw,C
374-17-3652,Member,Female,Mandalay,B
378-07-7001,Member,Male,Mandalay,B
433-75-6987,Member,Female,Mandalay,B
873-95-4984,Member,Female,Mandalay,B
416-13-5917,Normal,Female,Naypyitaw,C
150-89-8043,Normal,Male,Yangon,A
135-84-8019,Normal,Female,Yangon,A
441-94-7118,Member,Male,Yangon,A
725-96-3778,Member,Female,Naypyitaw,C
531-80-1784,Normal,Male,Yangon,A
400-45-1220,Normal,Female,Mandalay,B
860-79-0874,Member,Female,Naypyitaw,C
834-61-8124,Normal,Male,Yangon,A
115-99-4379,Member,Female,Mandalay,B
565-67-6697,Member,Male,Mandalay,B
320-49-6392,Normal,Female,Naypyitaw,C
889-04-9723,Member,Female,Mandalay,B
632-90-0281,Normal,Female,Naypyitaw,C
554-42-2417,Normal,Female,Naypyitaw,C
453-63-6187,Normal,Male,Mandalay,B
578-80-7669,Normal,Male,Mandalay,B
612-36-5536,Member,Male,Yangon,A
605-72-4132,Normal,Female,Naypyitaw,C
471-41-2823,Normal,Male,Naypyitaw,C
462-67-9126,Normal,Male,Yangon,A
272-27-9238,Normal,Female,Naypyitaw,C
834-25-9262,Normal,Female,Naypyitaw,C
122-61-9553,Normal,Female,Naypyitaw,C
468-88-0009,Member,Male,Yangon,A
613-59-9758,Normal,Female,Naypyitaw,C
254-31-0042,Member,Male,Yangon,A
201-86-2184,Member,Female,Mandalay,B
261-12-8671,Normal,Female,Mandalay,B
730-70-9830,Normal,Female,Naypyitaw,C
382-25-8917,Normal,Male,Naypyitaw,C
422-29-8786,Normal,Female,Yangon,A
667-23-5919,Member,Female,Yangon,A
843-01-4703,Member,Female,Mandalay,B
743-88-1662,Normal,Male,Naypyitaw,C
595-86-2894,Member,Male,Naypyitaw,C
182-69-8360,Normal,Female,Mandalay,B
289-15-7034,Member,Male,Yangon,A
462-78-5240,Normal,Female,Naypyitaw,C
868-52-7573,Normal,Female,Mandalay,B
153-58-4872,Member,Female,Naypyitaw,C
662-72-2873,Normal,Female,Yangon,A
525-88-7307,Member,Male,Mandalay,B
689-16-9784,Normal,Male,Naypyitaw,C
725-56-0833,Normal,Female,Yangon,A
394-41-0748,Member,Female,Naypyitaw,C
596-42-3999,Normal,Male,Mandalay,B
541-89-9860,Member,Female,Naypyitaw,C
173-82-9529,Normal,Female,Mandalay,B
563-36-9814,Member,Male,Yangon,A
308-47-4913,Member,Female,Yangon,A
885-17-6250,Normal,Female,Yangon,A
726-27-2396,Normal,Female,Yangon,A
316-01-3952,Normal,Female,Yangon,A
760-54-1821,Normal,Male,Mandalay,B
793-10-3222,Member,Female,Mandalay,B
346-12-3257,Member,Male,Mandalay,B
110-05-6330,Normal,Female,Naypyitaw,C
651-61-0874,Normal,Male,Naypyitaw,C
236-86-3015,Member,Male,Naypyitaw,C
831-64-0259,Normal,Female,Mandalay,B
587-03-7455,Member,Female,Naypyitaw,C
882-40-4577,Member,Male,Yangon,A
732-67-5346,Normal,Male,Yangon,A
725-32-9708,Member,Female,Mandalay,B
256-08-8343,Normal,Female,Yangon,A
372-26-1506,Normal,Female,Naypyitaw,C
244-08-0162,Normal,Female,Mandalay,B
569-71-4390,Normal,Male,Mandalay,B
132-23-6451,Member,Male,Yangon,A
696-90-2548,Normal,Male,Yangon,A
472-15-9636,Normal,Male,Yangon,A
268-03-6164,Normal,Male,Mandalay,B
750-57-9686,Normal,Female,Naypyitaw,C
186-09-3669,Member,Female,Naypyitaw,C
848-07-1692,Normal,Female,Mandalay,B
745-71-3520,Member,Female,Yangon,A
266-76-6436,Member,Female,Naypyitaw,C
740-22-2500,Normal,Female,Naypyitaw,C
271-88-8734,Member,Female,Naypyitaw,C
301-81-8610,Member,Male,Mandalay,B
489-64-4354,Normal,Male,Naypyitaw,C
198-84-7132,Member,Male,Mandalay,B
269-10-8440,Member,Male,Yangon,A
650-98-6268,Member,Female,Mandalay,B
741-73-3559,Normal,Male,Mandalay,B
325-77-6186,Member,Female,Yangon,A
286-75-7818,Normal,Male,Mandalay,B
574-57-9721,Normal,Male,Naypyitaw,C
459-50-7686,Normal,Female,Yangon,A
616-87-0016,Normal,Male,Mandalay,B
837-55-7229,Normal,Female,Mandalay,B
751-69-0068,Normal,Male,Naypyitaw,C
257-73-1380,Member,Male,Naypyitaw,C
345-08-4992,Normal,Male,Yangon,A
549-96-4200,Member,Male,Naypyitaw,C
810-60-6344,Normal,Female,Naypyitaw,C
450-28-2866,Member,Male,Naypyitaw,C
394-30-3170,Member,Female,Mandalay,B
138-17-5109,Member,Female,Yangon,A
192-98-7397,Normal,Male,Naypyitaw,C
301-11-9629,Normal,Female,Yangon,A
390-80-5128,Member,Female,Mandalay,B
235-46-8343,Member,Male,Naypyitaw,C
453-12-7053,Normal,Male,Naypyitaw,C
296-11-7041,Member,Female,Mandalay,B
449-27-2918,Member,Female,Mandalay,B
891-01-7034,Normal,Female,Mandalay,B
744-09-5786,Normal,Male,Mandalay,B
727-17-0390,Normal,Female,Yangon,A
568-88-3448,Normal,Male,Yangon,A
187-83-5490,Member,Male,Yangon,A
767-54-1907,Member,Female,Mandalay,B
710-46-4433,Member,Female,Mandalay,B
533-33-5337,Normal,Male,Mandalay,B
325-90-8763,Member,Female,Naypyitaw,C
729-46-7422,Normal,Male,Naypyitaw,C
639-76-1242,Normal,Male,Naypyitaw,C
234-03-4040,Member,Female,Mandalay,B
326-71-2155,Normal,Female,Naypyitaw,C
320-32-8842,Member,Female,Naypyitaw,C
470-32-9057,Member,Male,Yangon,A
878-30-2331,Member,Female,Naypyitaw,C
440-59-5691,Member,Female,Naypyitaw,C
554-53-3790,Normal,Male,Mandalay,B
746-19-0921,Normal,Male,Naypyitaw,C
233-34-0817,Member,Female,Naypyitaw,C
767-05-1286,Member,Female,Naypyitaw,C
340-21-9136,Member,Female,Yangon,A
405-31-3305,Member,Male,Yangon,A
731-59-7531,Member,Male,Mandalay,B
676-39-6028,Member,Female,Yangon,A
502-05-1910,Normal,Male,Yangon,A
485-30-8700,Normal,Female,Yangon,A
598-47-9715,Normal,Male,Naypyitaw,C
701-69-8742,Normal,Male,Mandalay,B
575-67-1508,Normal,Male,Yangon,A
541-08-3113,Normal,Male,Naypyitaw,C
246-11-3901,Normal,Female,Naypyitaw,C
674-15-9296,Normal,Male,Yangon,A
305-18-3552,Member,Male,Mandalay,B
493-65-6248,Member,Female,Naypyitaw,C
438-01-4015,Member,Female,Mandalay,B
709-58-4068,Normal,Female,Mandalay,B
795-49-7276,Normal,Male,Yangon,A
556-72-8512,Normal,Male,Naypyitaw,C
627-95-3243,Member,Female,Mandalay,B
686-41-0932,Normal,Female,Mandalay,B
510-09-5628,Member,Female,Yangon,A
608-04-3797,Member,Female,Mandalay,B
148-82-2527,Member,Female,Naypyitaw,C
437-53-3084,Normal,Male,Mandalay,B
632-32-4574,Normal,Male,Mandalay,B
556-97-7101,Normal,Female,Naypyitaw,C
862-59-8517,Normal,Female,Naypyitaw,C
401-18-8016,Member,Female,Mandalay,B
420-18-8989,Member,Female,Yangon,A
277-63-2961,Member,Male,Mandalay,B
573-98-8548,Member,Female,Naypyitaw,C
620-02-2046,Normal,Male,Naypyitaw,C
282-35-2475,Normal,Female,Mandalay,B
511-54-3087,Normal,Male,Mandalay,B
726-29-6793,Member,Male,Yangon,A
387-49-4215,Member,Female,Mandalay,B
862-17-9201,Normal,Female,Mandalay,B
291-21-5991,Member,Male,Mandalay,B
602-80-9671,Member,Female,Naypyitaw,C
347-72-6115,Member,Female,Mandalay,B
209-61-0206,Normal,Female,Yangon,A
595-27-4851,Normal,Female,Yangon,A
189-52-0236,Normal,Male,Yangon,A
503-07-0930,Member,Male,Naypyitaw,C
413-20-6708,Member,Female,Naypyitaw,C
425-85-2085,Member,Male,Mandalay,B
521-18-7827,Member,Male,Naypyitaw,C
220-28-1851,Normal,Male,Yangon,A
600-38-9738,Member,Male,Naypyitaw,C
734-91-1155,Normal,Female,Mandalay,B
451-28-5717,Member,Female,Naypyitaw,C
609-81-8548,Member,Female,Yangon,A
133-14-7229,Normal,Male,Naypyitaw,C
534-01-4457,Normal,Male,Yangon,A
719-89-8991,Member,Female,Yangon,A
286-62-6248,Normal,Male,Mandalay,B
339-38-9982,Member,Male,Mandalay,B
827-44-5872,Member,Female,Mandalay,B
827-77-7633,Normal,Male,Yangon,A
287-83-1405,Normal,Male,Yangon,A
435-13-4908,Member,Male,Yangon,A
857-67-9057,Normal,Male,Mandalay,B
236-27-1144,Normal,Female,Naypyitaw,C
892-05-6689,Normal,Female,Yangon,A
583-41-4548,Normal,Male,Naypyitaw,C
339-12-4827,Member,Female,Mandalay,B
643-38-7867,Normal,Male,Yangon,A
308-81-0538,Normal,Female,Yangon,A
358-88-9262,Member,Female,Naypyitaw,C
460-35-4390,Normal,Male,Yangon,A
343-87-0864,Member,Male,Naypyitaw,C
173-50-1108,Member,Female,Mandalay,B
243-47-2663,Member,Male,Naypyitaw,C
841-18-8232,Normal,Female,Mandalay,B
701-23-5550,Member,Male,Mandalay,B
647-50-1224,Normal,Female,Yangon,A
541-48-8554,Normal,Male,Yangon,A
539-21-7227,Normal,Female,Mandalay,B
213-32-1216,Normal,Female,Yangon,A
747-58-7183,Normal,Male,Mandalay,B
582-52-8065,Normal,Female,Mandalay,B
210-57-1719,Normal,Female,Mandalay,B
399-69-4630,Normal,Male,Naypyitaw,C
134-75-2619,Member,Male,Yangon,A
356-44-8813,Normal,Male,Mandalay,B
198-66-9832,Member,Female,Mandalay,B
283-26-5248,Member,Female,Naypyitaw,C
712-39-0363,Member,Male,Yangon,A
218-59-9410,Member,Female,Yangon,A
174-75-0888,Normal,Male,Mandalay,B
866-99-7614,Normal,Male,Naypyitaw,C
134-54-4720,Normal,Female,Mandalay,B
760-90-2357,Member,Male,Yangon,A
514-37-2845,Normal,Male,Mandalay,B
698-98-5964,Normal,Female,Yangon,A
718-57-9773,Normal,Female,Naypyitaw,C
651-88-7328,Normal,Female,Yangon,A
241-11-2261,Normal,Female,Mandalay,B
408-26-9866,Normal,Female,Naypyitaw,C
834-83-1826,Member,Female,Mandalay,B
343-61-3544,Member,Male,Mandalay,B
239-48-4278,Member,Male,Yangon,A
355-34-6244,Normal,Male,Mandalay,B
550-84-8664,Normal,Male,Yangon,A
339-96-8318,Member,Male,Mandalay,B
458-61-0011,Normal,Male,Mandalay,B
592-34-6155,Normal,Male,Naypyitaw,C
797-88-0493,Normal,Female,Yangon,A
207-73-1363,Normal,Male,Mandalay,B
390-31-6381,Normal,Male,Naypyitaw,C
443-82-0585,Member,Female,Yangon,A
339-18-7061,Member,Female,Naypyitaw,C
359-90-3665,Member,Female,Mandalay,B
375-72-3056,Normal,Male,Mandalay,B
127-47-6963,Normal,Male,Yangon,A
278-86-2735,Normal,Female,Yangon,A
695-28-6250,Normal,Female,Yangon,A
379-17-6588,Normal,Male,Naypyitaw,C
227-50-3718,Normal,Male,Yangon,A
302-15-2162,Member,Male,Naypyitaw,C
788-07-8452,Member,Female,Naypyitaw,C
560-49-6611,Member,Female,Yangon,A
880-35-0356,Member,Female,Yangon,A
585-11-6748,Member,Male,Mandalay,B
470-31-3286,Normal,Male,Mandalay,B
152-68-2907,Normal,Male,Yangon,A
123-35-4896,Normal,Female,Naypyitaw,C
258-69-7810,Normal,Female,Naypyitaw,C
334-64-2006,Member,Female,Yangon,A
219-61-4139,Normal,Male,Naypyitaw,C
881-41-7302,Normal,Female,Naypyitaw,C
373-09-4567,Normal,Male,Naypyitaw,C
642-30-6693,Normal,Female,Mandalay,B
484-22-8230,Member,Female,Naypyitaw,C
830-58-2383,Normal,Male,Mandalay,B
559-98-9873,Member,Female,Yangon,A
544-32-5024,Member,Female,Naypyitaw,C
318-12-0304,Normal,Male,Yangon,A
349-97-8902,Member,Male,Mandalay,B
421-95-9805,Normal,Female,Yangon,A
277-35-5865,Member,Female,Naypyitaw,C
789-23-8625,Member,Male,Mandalay,B
284-54-4231,Member,Male,Naypyitaw,C
443-59-0061,Member,Male,Yangon,A
509-29-3912,Member,Female,Yangon,A
327-40-9673,Member,Male,Mandalay,B
840-19-2096,Member,Male,Naypyitaw,C
828-46-6863,Member,Male,Yangon,A
641-96-3695,Member,Female,Naypyitaw,C
420-97-3340,Normal,Female,Yangon,A
436-54-4512,Member,Female,Yangon,A
670-79-6321,Member,Female,Mandalay,B
852-62-7105,Normal,Female,Mandalay,B
598-06-7312,Member,Male,Mandalay,B
135-13-8269,Member,Female,Mandalay,B
816-57-2053,Normal,Male,Yangon,A
628-90-8624,Member,Male,Mandalay,B
856-66-2701,Member,Male,Yangon,A
308-39-1707,Normal,Female,Yangon,A
149-61-1929,Normal,Male,Yangon,A
655-07-2265,Normal,Male,Yangon,A
589-02-8023,Member,Male,Yangon,A
420-04-7590,Normal,Male,Mandalay,B
182-88-2763,Member,Male,Mandalay,B
188-55-0967,Member,Male,Mandalay,B
610-46-4100,Normal,Male,Yangon,A
318-81-2368,Normal,Female,Naypyitaw,C
364-33-8584,Member,Female,Mandalay,B
665-63-9737,Normal,Male,Mandalay,B
695-09-5146,Member,Female,Mandalay,B
155-45-3814,Member,Female,Naypyitaw,C
794-32-2436,Member,Male,Mandalay,B
131-15-8856,Member,Female,Naypyitaw,C
273-84-2164,Member,Male,Naypyitaw,C
706-36-6154,Member,Male,Yangon,A
778-89-7974,Normal,Male,Naypyitaw,C
574-31-8277,Member,Male,Mandalay,B
859-71-0933,Member,Female,Naypyitaw,C
740-11-5257,Normal,Male,Naypyitaw,C
369-82-2676,Normal,Male,Mandalay,B
563-47-4072,Normal,Female,Mandalay,B
742-04-5161,Member,Male,Yangon,A
149-15-7606,Member,Male,Mandalay,B
133-77-3154,Member,Male,Mandalay,B
169-52-4504,Normal,Female,Yangon,A
250-81-7186,Normal,Female,Naypyitaw,C
562-12-5430,Member,Female,Yangon,A
816-72-8853,Member,Female,Yangon,A
491-38-3499,Member,Male,Yangon,A
322-02-2271,Normal,Female,Mandalay,B
842-29-4695,Member,Male,Naypyitaw,C
725-67-2480,Member,Female,Mandalay,B
641-51-2661,Member,Female,Naypyitaw,C
714-02-3114,Normal,Female,Naypyitaw,C
518-17-2983,Normal,Female,Yangon,A
779-42-2410,Member,Male,Mandalay,B
190-14-3147,Normal,Female,Mandalay,B
408-66-6712,Member,Female,Naypyitaw,C
679-22-6530,Normal,Female,Mandalay,B
588-47-8641,Member,Male,Yangon,A
642-61-4706,Member,Male,Mandalay,B
576-31-4774,Normal,Female,Mandalay,B
556-41-6224,Normal,Male,Naypyitaw,C
811-03-8790,Normal,Female,Yangon,A
242-11-3142,Member,Male,Mandalay,B
752-23-3760,Member,Female,Mandalay,B
274-05-5470,Member,Female,Yangon,A
648-94-3045,Normal,Male,Naypyitaw,C
130-67-4723,Member,Male,Yangon,A
528-87-5606,Member,Female,Mandalay,B
320-85-2052,Normal,Female,Mandalay,B
370-96-0655,Normal,Female,Naypyitaw,C
105-10-6182,Member,Male,Yangon,A
510-79-0415,Member,Female,Mandalay,B
241-96-5076,Member,Female,Mandalay,B
767-97-4650,Member,Female,Mandalay,B
648-83-1321,Member,Male,Yangon,A
173-57-2300,Member,Male,Naypyitaw,C
305-03-2383,Normal,Female,Yangon,A
394-55-6384,Member,Female,Naypyitaw,C
266-20-6657,Member,Male,Naypyitaw,C
689-05-1884,Member,Male,Yangon,A
196-01-2849,Member,Female,Naypyitaw,C
372-62-5264,Normal,Female,Naypyitaw,C
800-09-8606,Member,Female,Yangon,A
182-52-7000,Member,Female,Yangon,A
826-58-8051,Normal,Male,Mandalay,B
868-06-0466,Member,Male,Yangon,A
751-41-9720,Normal,Male,Naypyitaw,C
626-43-7888,Normal,Female,Naypyitaw,C
176-64-7711,Normal,Male,Mandalay,B
191-29-0321,Member,Female,Mandalay,B
729-06-2010,Member,Male,Mandalay,B
640-48-5028,Member,Female,Mandalay,B
186-79-9562,Normal,Male,Mandalay,B
834-45-5519,Normal,Female,Mandalay,B
162-65-8559,Member,Male,Naypyitaw,C
760-27-5490,Normal,Male,Naypyitaw,C
445-30-9252,Normal,Male,Yangon,A
786-94-2700,Member,Male,Yangon,A
728-88-7867,Member,Female,Naypyitaw,C
183-21-3799,Normal,Female,Naypyitaw,C
268-20-3585,Normal,Female,Naypyitaw,C
735-32-9839,Member,Male,Naypyitaw,C
258-92-7466,Normal,Female,Yangon,A
857-16-3520,Member,Female,Yangon,A
482-17-1179,Member,Male,Yangon,A
788-21-5741,Normal,Male,Yangon,A
821-14-9046,Member,Female,Mandalay,B
418-05-0656,Normal,Female,Mandalay,B
678-79-0726,Member,Female,Naypyitaw,C
776-68-1096,Normal,Male,Mandalay,B
592-46-1692,Member,Female,Naypyitaw,C
434-35-9162,Member,Male,Mandalay,B
149-14-0304,Member,Female,Naypyitaw,C
442-44-6497,Member,Male,Naypyitaw,C
174-64-0215,Normal,Male,Mandalay,B
210-74-9613,Normal,Male,Naypyitaw,C
299-29-0180,Member,Female,Mandalay,B
247-11-2470,Member,Female,Yangon,A
635-28-5728,Normal,Male,Yangon,A
756-49-0168,Member,Male,Yangon,A
438-23-1242,Normal,Male,Mandalay,B
238-45-6950,Member,Male,Mandalay,B
607-65-2441,Member,Male,Naypyitaw,C
386-27-7606,Member,Female,Naypyitaw,C
137-63-5492,Normal,Male,Naypyitaw,C
197-77-7132,Member,Male,Mandalay,B
805-86-0265,Normal,Male,Yangon,A
733-29-1227,Normal,Male,Naypyitaw,C
451-73-2711,Normal,Male,Naypyitaw,C
373-14-0504,Member,Female,Yangon,A
546-80-2899,Member,Male,Yangon,A
345-68-9016,Member,Female,Naypyitaw,C
390-17-5806,Member,Female,Naypyitaw,C
457-13-1708,Member,Male,Mandalay,B
664-14-2882,Member,Female,Naypyitaw,C
487-79-6868,Member,Female,Mandalay,B
314-23-4520,Member,Male,Naypyitaw,C
210-30-7976,Member,Female,Mandalay,B
585-86-8361,Normal,Female,Yangon,A
807-14-7833,Member,Female,Yangon,A
775-72-1988,Normal,Male,Mandalay,B
288-38-3758,Member,Female,Naypyitaw,C
652-43-6591,Normal,Female,Yangon,A
785-96-0615,Member,Female,Mandalay,B
406-46-7107,Normal,Female,Yangon,A
250-17-5703,Member,Male,Yangon,A
156-95-3964,Normal,Female,Yangon,A
842-40-8179,Member,Female,Mandalay,B
525-09-8450,Normal,Male,Mandalay,B
410-67-1709,Member,Female,Yangon,A
587-73-4862,Member,Female,Yangon,A
787-87-2010,Member,Male,Yangon,A
593-14-4239,Normal,Female,Mandalay,B
801-88-0346,Normal,Female,Naypyitaw,C
388-76-2555,Normal,Male,Mandalay,B
711-31-1234,Normal,Female,Mandalay,B
886-54-6089,Normal,Female,Yangon,A
707-32-7409,Member,Female,Mandalay,B
759-98-4285,Member,Female,Naypyitaw,C
201-63-8275,Member,Female,Naypyitaw,C
471-06-8611,Normal,Female,Naypyitaw,C
200-16-5952,Member,Male,Naypyitaw,C
120-54-2248,Normal,Female,Mandalay,B
102-77-2261,Member,Male,Naypyitaw,C
875-31-8302,Normal,Male,Mandalay,B
102-06-2002,Member,Male,Naypyitaw,C
457-94-0464,Member,Male,Mandalay,B
629-42-4133,Normal,Male,Naypyitaw,C
534-53-3526,Normal,Female,Yangon,A
307-04-2070,Member,Female,Yangon,A
468-99-7231,Normal,Female,Naypyitaw,C
516-77-6464,Member,Female,Naypyitaw,C
404-91-5964,Normal,Male,Yangon,A
886-77-9084,Normal,Male,Naypyitaw,C
790-38-4466,Normal,Female,Naypyitaw,C
704-10-4056,Member,Male,Naypyitaw,C
497-37-6538,Normal,Male,Yangon,A
651-96-5970,Normal,Male,Yangon,A
400-80-4065,Member,Male,Naypyitaw,C
744-16-7898,Normal,Female,Mandalay,B
263-12-5321,Member,Male,Yangon,A
702-72-0487,Normal,Female,Yangon,A
605-83-1050,Normal,Male,Mandalay,B
443-60-9639,Member,Female,Naypyitaw,C
864-24-7918,Member,Female,Yangon,A
359-94-5395,Normal,Male,Mandalay,B
401-09-4232,Member,Male,Naypyitaw,C
751-15-6198,Normal,Male,Mandalay,B
324-41-6833,Member,Female,Naypyitaw,C
474-33-8305,Member,Male,Naypyitaw,C
759-29-9521,Member,Female,Yangon,A
831-81-6575,Member,Female,Mandalay,B
220-68-6701,Normal,Female,Yangon,A
618-34-8551,Normal,Female,Yangon,A
257-60-7754,Normal,Female,Yangon,A
559-61-5987,Normal,Female,Mandalay,B
189-55-2313,Normal,Female,Naypyitaw,C
565-91-4567,Normal,Male,Mandalay,B
380-60-5336,Normal,Female,Yangon,A
815-04-6282,Member,Female,Naypyitaw,C
674-56-6360,Normal,Male,Yangon,A
778-34-2523,Member,Female,Yangon,A
499-27-7781,Normal,Female,Mandalay,B
477-59-2456,Normal,Female,Naypyitaw,C
832-51-6761,Normal,Male,Yangon,A
869-11-3082,Member,Male,Mandalay,B
190-59-3964,Member,Male,Mandalay,B
366-43-6862,Normal,Male,Mandalay,B
186-43-8965,Member,Female,Yangon,A
784-21-9238,Member,Male,Naypyitaw,C
276-75-6884,Normal,Female,Yangon,A
109-86-4363,Member,Female,Mandalay,B
569-76-2760,Member,Female,Yangon,A
222-42-0244,Member,Female,Mandalay,B
760-53-9233,Member,Male,Yangon,A
538-22-0304,Normal,Male,Naypyitaw,C
416-17-9926,Member,Female,Yangon,A
237-44-6163,Normal,Male,Yangon,A
636-17-0325,Normal,Male,Mandalay,B
343-75-9322,Member,Female,Mandalay,B
528-14-9470,Member,Male,Yangon,A
427-45-9297,Member,Female,Mandalay,B
807-34-3742,Normal,Male,Yangon,A
288-62-1085,Member,Male,Yangon,A
670-71-7306,Normal,Male,Mandalay,B
660-29-7083,Normal,Male,Naypyitaw,C
271-77-8740,Member,Female,Naypyitaw,C
497-36-0989,Normal,Male,Yangon,A
291-59-1384,Normal,Male,Mandalay,B
860-73-6466,Member,Female,Yangon,A
549-23-9016,Member,Female,Naypyitaw,C
896-34-0956,Normal,Male,Yangon,A
804-38-3935,Member,Male,Yangon,A
585-90-0249,Member,Male,Yangon,A
862-29-5914,Normal,Female,Naypyitaw,C
845-94-6841,Member,Female,Naypyitaw,C
125-45-2293,Normal,Female,Yangon,A
843-73-4724,Normal,Male,Yangon,A
409-33-9708,Normal,Female,Yangon,A
658-66-3967,Normal,Male,Naypyitaw,C
866-70-2814,Normal,Female,Mandalay,B
160-22-2687,Member,Female,Yangon,A
895-03-6665,Normal,Female,Mandalay,B
770-42-8960,Normal,Male,Mandalay,B
748-45-2862,Member,Female,Yangon,A
234-36-2483,Normal,Male,Mandalay,B
316-66-3011,Member,Female,Yangon,A
848-95-6252,Member,Female,Naypyitaw,C
840-76-5966,Member,Male,Yangon,A
152-03-4217,Normal,Female,Mandalay,B
533-66-5566,Normal,Female,Mandalay,B
124-31-1458,Member,Female,Yangon,A
176-78-1170,Member,Male,Naypyitaw,C
361-59-0574,Member,Male,Mandalay,B
101-81-4070,Member,Female,Naypyitaw,C
631-34-1880,Member,Male,Naypyitaw,C
852-82-2749,Normal,Male,Yangon,A
873-14-6353,Member,Male,Yangon,A
584-66-4073,Normal,Male,Naypyitaw,C
544-55-9589,Member,Female,Mandalay,B
166-19-2553,Member,Male,Yangon,A
737-88-5876,Member,Male,Yangon,A
154-87-7367,Normal,Male,Naypyitaw,C
885-56-0389,Member,Male,Naypyitaw,C
608-05-3804,Member,Male,Mandalay,B
448-61-3783,Normal,Female,Yangon,A
761-49-0439,Member,Female,Mandalay,B
490-95-0021,Member,Female,Mandalay,B
115-38-7388,Member,Female,Naypyitaw,C
311-13-6971,Member,Male,Mandalay,B
291-55-6563,Member,Female,Yangon,A
548-48-3156,Member,Female,Yangon,A
460-93-5834,Normal,Male,Yangon,A
325-89-4209,Member,Male,Yangon,A
884-80-6021,Member,Female,Yangon,A
137-74-8729,Normal,Female,Naypyitaw,C
880-46-5796,Member,Male,Yangon,A
389-70-2397,Normal,Female,Naypyitaw,C
114-35-5271,Normal,Female,Mandalay,B
607-76-6216,Member,Female,Naypyitaw,C
715-20-1673,Normal,Male,Mandalay,B
811-35-1094,Member,Male,Mandalay,B
699-88-1972,Normal,Male,Mandalay,B
781-84-8059,Normal,Male,Naypyitaw,C
409-49-6995,Member,Female,Naypyitaw,C
725-54-0677,Member,Male,Naypyitaw,C
146-09-5432,Member,Male,Yangon,A
377-79-7592,Member,Female,Naypyitaw,C
509-10-0516,Normal,Male,Mandalay,B
595-94-9924,Member,Female,Yangon,A
865-41-9075,Normal,Male,Yangon,A
545-07-8534,Normal,Female,Naypyitaw,C
118-62-1812,Member,Female,Naypyitaw,C
450-42-3339,Normal,Male,Naypyitaw,C
851-98-3555,Normal,Female,Mandalay,B
186-71-5196,Member,Female,Yangon,A
624-01-8356,Normal,Female,Mandalay,B
313-66-9943,Member,Female,Mandalay,B
151-27-8496,Normal,Female,Naypyitaw,C
453-33-6436,Normal,Female,Yangon,A
522-57-8364,Member,Male,Yangon,A
459-45-2396,Member,Female,Yangon,A
717-96-4189,Normal,Female,Naypyitaw,C
722-13-2115,Member,Male,Naypyitaw,C
749-81-8133,Normal,Female,Yangon,A
777-67-2495,Normal,Male,Mandalay,B
636-98-3364,Member,Female,Mandalay,B
246-55-6923,Member,Female,Naypyitaw,C
181-82-6255,Normal,Female,Mandalay,B
838-02-1821,Member,Female,Naypyitaw,C
887-42-0517,Normal,Female,Naypyitaw,C
457-12-0244,Member,Female,Naypyitaw,C
226-34-0034,Normal,Female,Mandalay,B
321-49-7382,Member,Male,Mandalay,B
397-25-8725,Member,Female,Yangon,A
431-66-2305,Normal,Female,Mandalay,B
825-94-5922,Normal,Male,Mandalay,B
641-62-7288,Normal,Male,Mandalay,B
756-93-1854,Member,Female,Naypyitaw,C
243-55-8457,Normal,Female,Yangon,A
458-10-8612,Normal,Male,Naypyitaw,C
501-61-1753,Normal,Female,Mandalay,B
235-06-8510,Member,Male,Naypyitaw,C
433-08-7822,Normal,Female,Naypyitaw,C
361-85-2571,Normal,Female,Yangon,A
131-70-8179,Member,Female,Yangon,A
500-02-2261,Normal,Female,Naypyitaw,C
720-72-2436,Normal,Male,Yangon,A
702-83-5291,Member,Male,Naypyitaw,C
809-69-9497,Normal,Female,Yangon,A
449-16-6770,Normal,Male,Yangon,A
333-23-2632,Member,Male,Yangon,A
489-82-1237,Normal,Female,Yangon,A
859-97-6048,Member,Male,Naypyitaw,C
676-10-2200,Member,Male,Mandalay,B
373-88-1424,Member,Male,Naypyitaw,C
365-16-4334,Normal,Female,Mandalay,B
503-21-4385,Member,Male,Mandalay,B
305-89-2768,Member,Female,Mandalay,B
574-80-1489,Member,Female,Mandalay,B
784-08-0310,Member,Female,Naypyitaw,C
200-40-6154,Member,Male,Mandalay,B
846-10-0341,Normal,Female,Yangon,A
577-34-7579,Member,Male,Naypyitaw,C
430-02-3888,Normal,Male,Mandalay,B
867-47-1948,Normal,Female,Naypyitaw,C
384-59-6655,Member,Female,Yangon,A
256-58-3609,Member,Male,Naypyitaw,C
324-92-3863,Member,Male,Yangon,A
593-08-5916,Normal,Female,Yangon,A
364-34-2972,Member,Male,Naypyitaw,C
794-42-3736,Normal,Male,Mandalay,B
172-42-8274,Normal,Female,Mandalay,B
558-60-5016,Normal,Female,Yangon,A
195-06-0432,Member,Male,Yangon,A
605-03-2706,Normal,Female,Yangon,A
214-30-2776,Member,Female,Mandalay,B
746-04-1077,Member,Female,Mandalay,B
448-34-8700,Member,Male,Mandalay,B
452-04-8808,Normal,Male,Mandalay,B
531-56-4728,Normal,Male,Yangon,A
744-82-9138,Normal,Male,Naypyitaw,C
883-69-1285,Member,Male,Mandalay,B
221-25-5073,Normal,Female,Yangon,A
518-71-6847,Member,Male,Mandalay,B
156-20-0370,Normal,Female,Mandalay,B
151-33-7434,Normal,Female,Mandalay,B
728-47-9078,Member,Male,Naypyitaw,C
809-46-1866,Normal,Male,Yangon,A
139-32-4183,Member,Female,Yangon,A
148-41-7930,Normal,Male,Naypyitaw,C
189-40-5216,Normal,Male,Naypyitaw,C
374-38-5555,Normal,Female,Mandalay,B
764-44-8999,Normal,Female,Mandalay,B
552-44-5977,Member,Male,Mandalay,B
267-62-7380,Member,Male,Naypyitaw,C
430-53-4718,Member,Male,Mandalay,B
886-18-2897,Normal,Female,Yangon,A
602-16-6955,Normal,Female,Mandalay,B
745-74-0715,Normal,Male,Yangon,A
690-01-6631,Normal,Male,Mandalay,B
652-49-6720,Member,Female,Naypyitaw,C
233-67-5758,Normal,Male,Naypyitaw,C
303-96-2227,Normal,Female,Mandalay,B
727-02-1313,Member,Male,Yangon,A
347-56-2442,Normal,Male,Yangon,A
849-09-3807,Member,Female,Yangon,A
