Invoice ID,Product line,Unit price,Rating
750-67-8428,Health and beauty,74.69,9.1
226-31-3081,Electronic accessories,15.28,9.6
631-41-3108,Home and lifestyle,46.33,7.4
123-19-1176,Health and beauty,58.22,8.4
373-73-7910,Sports and travel,86.31,5.3
699-14-3026,Electronic accessories,85.39,4.1
355-53-5943,Electronic accessories,68.84,5.8
315-22-5665,Home and lifestyle,73.56,8
665-32-9167,Health and beauty,36.26,7.2
692-92-5582,Food and beverages,54.84,5.9
351-62-0822,Fashion accessories,14.48,4.5
529-56-3974,Electronic accessories,25.51,6.8
365-64-0515,Electronic accessories,46.95,7.1
252-56-2699,Food and beverages,43.19,8.2
829-34-3910,Health and beauty,71.38,5.7
299-46-1805,Sports and travel,93.72,4.5
656-95-9349,Health and beauty,68.93,4.6
765-26-6951,Sports and travel,72.61,6.9
329-62-1586,Food and beverages,54.67,8.6
319-50-3348,Home and lifestyle,40.3,4.4
300-71-4605,Electronic accessories,86.04,4.8
371-85-5789,Health and beauty,87.98,5.1
273-16-6619,Home and lifestyle,33.2,4.4
636-48-8204,Electronic accessories,34.56,9.9
549-59-1358,Sports and travel,88.63,6
227-03-5010,Home and lifestyle,52.59,8.5
649-29-6775,Fashion accessories,33.52,6.7
189-17-4241,Fashion accessories,87.67,7.7
145-94-9061,Food and beverages,88.36,9.6
848-62-7243,Health and beauty,24.89,7.4
871-79-8483,Fashion accessories,94.13,4.8
149-71-6266,Sports and travel,78.07,4.5
640-49-2076,Sports and travel,83.78,5.1
595-11-5460,Health and beauty,96.58,5.1
183-56-6882,Food and beverages,99.42,7.5
232-16-2483,Sports and travel,68.12,6.8
129-29-8530,Sports and travel,62.62,7
272-65-1806,Electronic accessories,60.88,4.7
333-73-7901,Health and beauty,54.92,7.6
777-82-7220,Home and lifestyle,30.12,7.7
280-35-5823,Home and lifestyle,86.72,7.9
554-53-8700,Home and lifestyle,56.11,6.3
354-25-5821,Sports and travel,69.12,5.6
228-96-1411,Food and beverages,98.7,7.6
617-15-4209,Health and beauty,15.37,7.2
132-32-9879,Electronic accessories,93.96,9.5
370-41-7321,Health and beauty,56.69,8.4
727-46-3608,Food and beverages,20.01,4.1
669-54-1719,Electronic accessories,18.93,8.1
574-22-5561,Fashion accessories,82.63,7.9
326-78-5178,Food and beverages,91.4,9.5
162-48-8011,Food and beverages,44.59,8.5
616-24-2851,Fashion accessories,17.87,6.5
778-71-5554,Fashion accessories,15.43,6.1
242-55-6721,Home and lifestyle,16.16,6.5
399-46-5918,Electronic accessories,85.98,8.2
106-35-6779,Home and lifestyle,44.34,5.8
635-40-6220,Health and beauty,89.6,6.6
817-48-8732,Home and lifestyle,72.35,5.4
120-06-4233,Electronic accessories,30.61,9.3
285-68-5083,Sports and travel,24.74,10
803-83-5989,Home and lifestyle,55.73,7
347-34-2234,Sports and travel,55.07,10
199-75-8169,Sports and travel,15.81,8.6
853-23-2453,Health and beauty,75.74,7.6
877-22-3308,Health and beauty,15.87,5.8
838-78-4295,Health and beauty,33.47,6.7
109-28-2512,Fashion accessories,97.61,9.9
232-11-3025,Sports and travel,78.77,6.4
382-03-4532,Health and beauty,18.33,4.3
393-65-2792,Food and beverages,89.48,9.6
796-12-2025,Fashion accessories,62.12,5.9
510-95-6347,Food and beverages,48.52,4
841-35-6630,Electronic accessories,75.91,8.7
287-21-9091,Home and lifestyle,74.67,9.4
732-94-0499,Electronic accessories,41.65,5.4
263-10-3913,Fashion accessories,49.04,8.6
381-20-0914,Fashion accessories,20.01,5.7
829-49-1914,Food and beverages,78.31,6.6
756-01-7507,Health and beauty,20.38,6
870-72-4431,Health and beauty,99.19,5.5
847-38-7188,Food and beverages,96.68,6.4
480-63-2856,Food and beverages,19.25,6.6
787-56-0757,Food and beverages,80.36,8.3
360-39-5055,Sports and travel,48.91,6.6
730-50-9884,Sports and travel,83.06,4
362-58-8315,Fashion accessories,76.52,9.9
633-44-8566,Food and beverages,49.38,7.3
504-35-8843,Sports and travel,42.47,5.7
318-68-5053,Health and beauty,76.99,6.1
565-80-5980,Home and lifestyle,47.38,7.1
225-32-0908,Sports and travel,44.86,8.2
873-51-0671,Sports and travel,21.98,5.1
152-08-9985,Health and beauty,64.36,8.6
512-91-0811,Health and beauty,89.75,6.6
594-34-4444,Electronic accessories,97.16,7.2
766-85-7061,Health and beauty,87.87,5.1
871-39-9221,Electronic accessories,12.45,4.1
865-92-6136,Food and beverages,52.75,9.3
733-01-9107,Home and lifestyle,82.7,7.4
163-56-7055,Fashion accessories,48.71,4.1
189-98-2939,Fashion accessories,78.55,7.2
551-21-3069,Electronic accessories,23.07,4.9
212-62-1842,Food and beverages,58.26,9.9
716-39-1409,Health and beauty,30.35,8
704-48-3927,Electronic accessories,88.67,7.3
628-34-3388,Fashion accessories,27.38,7.9
630-74-5166,Sports and travel,62.13,7.4
588-01-7461,Food and beverages,33.98,4.2
861-77-0145,Electronic accessories,81.97,9.2
479-26-8945,Sports and travel,16.49,4.6
210-67-5886,Health and beauty,98.21,7.8
227-78-1148,Fashion accessories,72.84,8.4
645-44-1170,Home and lifestyle,58.07,4.3
237-01-6122,Home and lifestyle,80.79,9.5
225-98-1496,Fashion accessories,27.02,7.1
291-32-1427,Fashion accessories,21.94,5.3
659-65-8956,Fashion accessories,51.36,5.2
642-32-2990,Food and beverages,10.96,6
378-24-2715,Home and lifestyle,53.44,4.1
638-60-7125,Electronic accessories,99.56,5.2
659-36-1684,Sports and travel,57.12,6.5
219-22-9386,Sports and travel,99.96,4.2
336-78-2147,Home and lifestyle,63.91,4.6
268-27-6179,Fashion accessories,56.47,7.3
668-90-8900,Home and lifestyle,93.69,4.5
870-54-3162,Sports and travel,32.25,9
189-08-9157,Fashion accessories,31.73,5.9
663-86-9076,Food and beverages,68.54,8.5
549-84-7482,Sports and travel,90.28,7.2
191-10-6171,Fashion accessories,39.62,7.5
802-70-5316,Sports and travel,92.13,8.3
695-51-0018,Sports and travel,34.84,7.4
590-83-4591,Electronic accessories,87.45,8.8
483-71-1164,Health and beauty,81.3,5.3
597-78-7908,Fashion accessories,90.22,6.2
700-81-1757,Electronic accessories,26.31,8.8
354-39-5160,Home and lifestyle,34.42,9.8
241-72-9525,Sports and travel,51.91,8.2
575-30-8091,Sports and travel,72.5,9.2
731-81-9469,Sports and travel,89.8,5.4
280-17-4359,Health and beauty,90.5,8.1
338-65-2210,Health and beauty,68.6,9.1
488-25-4221,Food and beverages,30.41,8.4
239-10-7476,Home and lifestyle,77.95,8
458-41-1477,Health and beauty,46.26,9.5
685-64-1609,Fashion accessories,30.14,9.2
568-90-5112,Health and beauty,66.14,5.6
262-47-2794,Home and lifestyle,71.86,6.2
238-49-0436,Health and beauty,32.46,4.9
608-96-3517,Fashion accessories,91.54,4.8
584-86-7256,Sports and travel,34.56,7.3
746-94-0204,Fashion accessories,83.24,7.4
214-17-6927,Food and beverages,16.48,9.9
400-89-4171,Sports and travel,80.97,9.3
782-95-9291,Food and beverages,92.29,9
279-74-2924,Electronic accessories,72.17,6.1
307-85-2293,Home and lifestyle,50.28,9.7
743-04-1105,Health and beauty,97.22,6
423-57-2993,Sports and travel,93.39,10
894-41-5205,Food and beverages,43.18,8.3
275-28-0149,Sports and travel,63.69,6
101-17-6199,Food and beverages,45.79,7
423-80-0988,Sports and travel,76.4,6.5
548-46-9322,Food and beverages,39.9,5.9
505-02-0892,Health and beauty,42.57,5.6
234-65-2137,Home and lifestyle,95.58,4.8
687-47-8271,Fashion accessories,98.98,8.7
796-32-9050,Food and beverages,51.28,6.5
105-31-1824,Sports and travel,69.52,8.5
249-42-3782,Health and beauty,70.01,5.5
316-55-4634,Food and beverages,80.05,9.4
733-33-4967,Electronic accessories,20.85,6.3
608-27-6295,Electronic accessories,52.89,9.8
414-12-7047,Food and beverages,19.79,8.7
827-26-2100,Home and lifestyle,33.84,8.8
175-54-2529,Food and beverages,22.17,9.6
139-52-2867,Fashion accessories,22.51,4.8
407-63-8975,Food and beverages,73.88,4.4
342-65-4817,Health and beauty,86.8,9.9
130-98-8941,Fashion accessories,64.26,5.7
434-83-9547,Food and beverages,38.47,7.7
851-28-6367,Sports and travel,15.5,8
824-88-3614,Health and beauty,34.31,5.7
586-25-0848,Sports and travel,12.34,6.7
895-66-0685,Food and beverages,18.08,8
305-14-0245,Home and lifestyle,94.49,7.5
732-04-5373,Home and lifestyle,46.47,7
400-60-7251,Home and lifestyle,74.07,9.9
593-65-1552,Home and lifestyle,69.81,5.9
284-34-9626,Home and lifestyle,77.04,7.2
437-58-8131,Fashion accessories,73.52,4.6
286-43-6208,Food and beverages,87.8,9.2
641-43-2399,Home and lifestyle,25.55,5.7
831-07-6050,Electronic accessories,32.71,9.9
556-86-3144,Fashion accessories,74.29,5
848-24-9445,Health and beauty,43.7,4.9
856-22-8149,Home and lifestyle,25.29,6.1
699-01-4164,Health and beauty,41.5,8.2
420-11-4919,Food and beverages,71.39,5.5
606-80-4905,Sports and travel,19.15,6.8
542-41-0513,Electronic accessories,57.49,6.6
426-39-2418,Electronic accessories,61.41,9.8
875-46-5808,Health and beauty,25.9,8.7
394-43-4238,Home and lifestyle,17.77,5.4
749-24-1565,Health and beauty,23.03,7.9
672-51-8681,Electronic accessories,66.65,9.7
263-87-5680,Home and lifestyle,28.53,7.8
573-58-9734,Fashion accessories,30.37,5.1
817-69-8206,Electronic accessories,99.73,6.5
888-02-0338,Electronic accessories,26.23,5.9
677-11-0152,Food and beverages,93.26,8.8
142-63-6033,Home and lifestyle,92.36,4.9
656-16-1063,Sports and travel,46.42,4.4
891-58-8335,Sports and travel,29.61,6.5
802-43-8934,Home and lifestyle,18.28,8.3
560-30-5617,Sports and travel,24.77,8.5
319-74-2561,Electronic accessories,94.64,5.5
549-03-9315,Fashion accessories,94.87,8.7
790-29-1172,Food and beverages,57.34,7.9
239-36-3640,Electronic accessories,45.35,6.1
468-01-2051,Food and beverages,62.08,5.4
389-25-3394,Electronic accessories,11.81,9.4
279-62-1445,Fashion accessories,12.54,8.2
213-72-6612,Food and beverages,43.25,6.2
746-68-6593,Sports and travel,87.16,9.7
836-82-5858,Health and beauty,69.37,4
583-72-1480,Electronic accessories,37.06,9.7
466-61-5506,Electronic accessories,90.7,5.3
721-86-6247,Home and lifestyle,63.42,7.4
289-65-5721,Fashion accessories,81.37,6.5
545-46-3100,Electronic accessories,10.59,8.7
418-02-5978,Health and beauty,84.09,8
269-04-5750,Fashion accessories,73.82,6.7
157-13-5295,Health and beauty,51.94,6.5
645-78-8093,Sports and travel,93.14,4.1
211-30-9270,Health and beauty,17.41,4.9
755-12-3214,Fashion accessories,44.22,8.6
346-84-3103,Electronic accessories,13.22,4.3
478-06-7835,Fashion accessories,89.69,4.9
540-11-4336,Food and beverages,24.94,5.6
448-81-5016,Health and beauty,59.77,5.8
142-72-4741,Fashion accessories,93.2,6
217-58-1179,Home and lifestyle,62.65,4.2
376-02-8238,Home and lifestyle,93.87,8.3
530-90-9855,Home and lifestyle,47.59,5.7
866-05-7563,Electronic accessories,81.4,4.8
604-70-6476,Fashion accessories,17.94,6.8
799-71-1548,Electronic accessories,77.72,8.8
785-13-7708,Food and beverages,73.06,4.2
845-51-0542,Food and beverages,46.55,6.4
662-47-5456,Fashion accessories,35.19,8.4
883-17-4236,Sports and travel,14.39,7.2
290-68-2984,Home and lifestyle,23.75,5.2
704-11-6354,Home and lifestyle,58.9,8.9
110-48-7033,Fashion accessories,32.62,9
366-93-0948,Electronic accessories,66.35,9.7
729-09-9681,Home and lifestyle,25.91,8.7
151-16-1484,Electronic accessories,32.25,6.5
380-94-4661,Electronic accessories,65.94,6.9
850-41-9669,Electronic accessories,75.06,6.2
821-07-3596,Fashion accessories,16.45,5.6
655-85-5130,Fashion accessories,38.3,5.7
447-15-7839,Sports and travel,22.24,4.2
154-74-7179,Sports and travel,54.45,7.9
253-12-6086,Sports and travel,98.4,8.7
808-65-0703,Home and lifestyle,35.47,6.9
571-94-0759,Food and beverages,74.6,9.5
144-51-6085,Home and lifestyle,70.74,4.4
731-14-2199,Home and lifestyle,35.54,7
783-09-1637,Sports and travel,67.43,6.3
687-15-1097,Health and beauty,21.12,9.7
126-54-1082,Home and lifestyle,21.54,8.8
633-91-1052,Home and lifestyle,12.03,5.1
477-24-6490,Health and beauty,99.71,7.9
566-19-5475,Fashion accessories,47.97,6.2
526-86-8552,Home and lifestyle,21.82,7.1
376-56-3573,Fashion accessories,95.42,6.4
537-72-0426,Fashion accessories,70.99,5.7
828-61-5674,Sports and travel,44.02,9.6
136-08-6195,Home and lifestyle,69.96,6.4
523-38-0215,Home and lifestyle,37,7.9
490-29-1201,Sports and travel,15.34,6.5
667-92-0055,Health and beauty,99.83,8.5
565-17-3836,Health and beauty,47.67,9.1
498-41-1961,Health and beauty,66.68,7.6
593-95-4461,Home and lifestyle,74.86,6.9
226-71-3580,Sports and travel,23.75,9.5
283-79-9594,Food and beverages,48.51,5.2
430-60-3493,Home and lifestyle,94.88,4.2
139-20-0155,Electronic accessories,40.3,7
558-80-4082,Electronic accessories,27.85,6
278-97-7759,Electronic accessories,62.48,4.7
316-68-6352,Food and beverages,36.36,7.1
585-03-5943,Health and beauty,18.11,5.9
211-05-0490,Electronic accessories,51.92,7.5
727-75-6477,Electronic accessories,28.84,6.4
744-02-5987,Home and lifestyle,78.38,5.8
307-83-9164,Home and lifestyle,60.01,4.5
779-06-0012,Home and lifestyle,88.61,7.7
446-47-6729,Fashion accessories,99.82,6.7
573-10-3877,Health and beauty,39.01,4.7
735-06-4124,Food and beverages,48.61,4.4
439-54-7422,Electronic accessories,51.19,4.7
396-90-2219,Electronic accessories,14.96,8.6
411-77-0180,Electronic accessories,72.2,4.3
286-01-5402,Sports and travel,40.23,9.6
803-17-8013,Home and lifestyle,88.79,4.1
512-98-1403,Electronic accessories,26.48,4.7
848-42-2560,Fashion accessories,81.91,7.8
532-59-7201,Sports and travel,79.93,5.5
181-94-6432,Fashion accessories,69.33,9.7
870-76-1733,Food and beverages,14.23,4.4
423-64-4619,Health and beauty,15.55,5
227-07-4446,Electronic accessories,78.13,4.4
174-36-3675,Food and beverages,99.37,5.2
428-83-5800,Food and beverages,21.08,7.3
603-07-0961,Electronic accessories,74.79,4.9
704-20-4138,Health and beauty,29.67,8.1
787-15-1757,Health and beauty,44.07,8.4
649-11-3678,Food and beverages,22.93,5.5
622-20-1945,Health and beauty,39.42,8.4
372-94-8041,Health and beauty,15.26,9.8
563-91-7120,Fashion accessories,61.77,6.7
746-54-5508,Home and lifestyle,21.52,9.4
276-54-0879,Sports and travel,97.74,6.4
815-11-1168,Food and beverages,99.78,5.4
719-76-3868,Food and beverages,94.26,8.6
730-61-8757,Health and beauty,51.13,4
340-66-0321,Electronic accessories,36.36,7.6
868-81-1752,Home and lifestyle,22.02,6.8
634-97-8956,Food and beverages,32.9,9.1
566-71-1091,Fashion accessories,77.02,5.5
442-48-3607,Food and beverages,23.48,7.9
835-16-0096,Sports and travel,14.7,8.5
527-09-6272,Electronic accessories,28.45,9.1
898-04-2717,Fashion accessories,76.4,7.5
692-27-8933,Sports and travel,57.95,5.2
633-09-3463,Electronic accessories,47.65,9.5
374-17-3652,Food and beverages,42.82,8.9
378-07-7001,Electronic accessories,48.09,7.8
433-75-6987,Health and beauty,55.97,8.9
873-95-4984,Health and beauty,76.9,7.7
416-13-5917,Food and beverages,97.03,9.3
150-89-8043,Sports and travel,44.65,6.2
135-84-8019,Fashion accessories,77.93,7.6
441-94-7118,Electronic accessories,71.95,7.3
725-96-3778,Home and lifestyle,89.25,4.7
531-80-1784,Electronic accessories,26.02,5.1
400-45-1220,Health and beauty,13.5,4.8
860-79-0874,Fashion accessories,99.3,6.6
834-61-8124,Electronic accessories,51.69,5.5
115-99-4379,Fashion accessories,54.73,8.5
565-67-6697,Home and lifestyle,27,4.8
320-49-6392,Electronic accessories,30.24,8.4
889-04-9723,Food and beverages,89.14,7.8
632-90-0281,Fashion accessories,37.55,9.3
554-42-2417,Sports and travel,95.44,5.2
453-63-6187,Electronic accessories,27.5,6.5
578-80-7669,Sports and travel,74.97,5.6
612-36-5536,Food and beverages,80.96,7.4
605-72-4132,Food and beverages,94.47,9.1
471-41-2823,Food and beverages,99.79,8
462-67-9126,Home and lifestyle,73.22,7.2
272-27-9238,Food and beverages,41.24,7.1
834-25-9262,Fashion accessories,81.68,9.1
122-61-9553,Electronic accessories,51.32,5.6
468-88-0009,Home and lifestyle,65.94,6
613-59-9758,Sports and travel,14.36,5.4
254-31-0042,Electronic accessories,21.5,7.8
201-86-2184,Electronic accessories,26.26,9.9
261-12-8671,Fashion accessories,60.96,4.9
730-70-9830,Home and lifestyle,70.11,5.2
382-25-8917,Fashion accessories,42.08,8.9
422-29-8786,Home and lifestyle,67.09,9.1
667-23-5919,Fashion accessories,96.7,7
843-01-4703,Home and lifestyle,35.38,9.6
743-88-1662,Sports and travel,95.49,8.7
595-86-2894,Fashion accessories,96.98,9.4
182-69-8360,Electronic accessories,23.65,4
289-15-7034,Sports and travel,82.33,7.5
462-78-5240,Electronic accessories,26.61,4.2
868-52-7573,Food and beverages,99.69,9.9
153-58-4872,Food and beverages,74.89,4.2
662-72-2873,Food and beverages,40.94,9.9
525-88-7307,Sports and travel,75.82,5.8
689-16-9784,Food and beverages,46.77,6
725-56-0833,Health and beauty,32.32,10
394-41-0748,Fashion accessories,54.07,9.5
596-42-3999,Food and beverages,18.22,6.6
541-89-9860,Fashion accessories,80.48,8.1
173-82-9529,Fashion accessories,37.95,9.7
563-36-9814,Electronic accessories,76.82,7.2
308-47-4913,Sports and travel,52.26,6.2
885-17-6250,Health and beauty,79.74,7.3
726-27-2396,Health and beauty,77.5,4.3
316-01-3952,Food and beverages,54.27,4.6
760-54-1821,Home and lifestyle,13.59,5.8
793-10-3222,Health and beauty,41.06,8.3
346-12-3257,Electronic accessories,19.24,8
110-05-6330,Food and beverages,39.43,9.4
651-61-0874,Home and lifestyle,46.22,6.2
236-86-3015,Home and lifestyle,13.98,9.8
831-64-0259,Fashion accessories,39.75,9.6
587-03-7455,Fashion accessories,97.79,4.9
882-40-4577,Sports and travel,67.26,8
732-67-5346,Food and beverages,13.79,7.8
725-32-9708,Fashion accessories,68.71,4.1
256-08-8343,Home and lifestyle,56.53,5.5
372-26-1506,Fashion accessories,23.82,5.4
244-08-0162,Health and beauty,34.21,5.1
569-71-4390,Sports and travel,21.87,6.9
132-23-6451,Health and beauty,20.97,7.8
696-90-2548,Sports and travel,25.84,6.6
472-15-9636,Home and lifestyle,50.93,9.2
268-03-6164,Health and beauty,96.11,7.8
750-57-9686,Home and lifestyle,45.38,8.7
186-09-3669,Health and beauty,81.51,9.2
848-07-1692,Health and beauty,57.22,8.3
745-71-3520,Electronic accessories,25.22,8.2
266-76-6436,Food and beverages,38.6,7.5
740-22-2500,Electronic accessories,84.05,9.8
271-88-8734,Fashion accessories,97.21,8.7
301-81-8610,Fashion accessories,25.42,6.7
489-64-4354,Fashion accessories,16.28,5
198-84-7132,Fashion accessories,40.61,7
269-10-8440,Health and beauty,53.17,8.9
650-98-6268,Food and beverages,20.87,8
741-73-3559,Sports and travel,67.27,6.9
325-77-6186,Home and lifestyle,90.65,7.3
286-75-7818,Fashion accessories,69.08,6.9
574-57-9721,Food and beverages,43.27,5.7
459-50-7686,Electronic accessories,23.46,6.4
616-87-0016,Fashion accessories,95.54,9.6
837-55-7229,Fashion accessories,47.44,6.8
751-69-0068,Sports and travel,99.24,9
257-73-1380,Sports and travel,82.93,9.6
345-08-4992,Home and lifestyle,33.99,7.7
549-96-4200,Food and beverages,17.04,7
810-60-6344,Electronic accessories,40.86,6.5
450-28-2866,Food and beverages,17.44,8.1
394-30-3170,Sports and travel,88.43,4.3
138-17-5109,Home and lifestyle,89.21,6.5
192-98-7397,Fashion accessories,12.78,9.5
301-11-9629,Sports and travel,19.1,9.7
390-80-5128,Health and beauty,19.15,9.5
235-46-8343,Food and beverages,27.66,8.9
453-12-7053,Fashion accessories,45.74,6.5
296-11-7041,Health and beauty,27.07,5.3
449-27-2918,Sports and travel,39.12,9.6
891-01-7034,Electronic accessories,74.71,6.7
744-09-5786,Electronic accessories,22.01,7.6
727-17-0390,Food and beverages,63.61,4.8
568-88-3448,Health and beauty,25,5.5
187-83-5490,Electronic accessories,20.77,4.7
767-54-1907,Fashion accessories,29.56,6.9
710-46-4433,Food and beverages,77.4,4.5
533-33-5337,Electronic accessories,79.39,6.2
325-90-8763,Electronic accessories,46.57,7.6
729-46-7422,Food and beverages,35.89,7.9
639-76-1242,Food and beverages,40.52,4.5
234-03-4040,Food and beverages,73.05,8.7
326-71-2155,Sports and travel,73.95,6.1
320-32-8842,Food and beverages,22.62,6.4
470-32-9057,Food and beverages,51.34,9.1
878-30-2331,Sports and travel,54.55,7.1
440-59-5691,Health and beauty,37.15,7.7
554-53-3790,Sports and travel,37.02,4.5
746-19-0921,Food and beverages,21.58,7.2
233-34-0817,Electronic accessories,98.84,8.4
767-05-1286,Home and lifestyle,83.77,5.4
340-21-9136,Sports and travel,40.05,9.7
405-31-3305,Fashion accessories,43.13,5.5
731-59-7531,Health and beauty,72.57,4.6
676-39-6028,Electronic accessories,64.44,6.6
502-05-1910,Health and beauty,65.18,6.3
485-30-8700,Sports and travel,33.26,4.2
598-47-9715,Electronic accessories,84.07,4.4
701-69-8742,Sports and travel,34.37,6.7
575-67-1508,Electronic accessories,38.6,6.7
541-08-3113,Food and beverages,65.97,8.4
246-11-3901,Electronic accessories,32.8,6.2
674-15-9296,Sports and travel,37.14,5
305-18-3552,Home and lifestyle,60.38,6
493-65-6248,Sports and travel,36.98,7
438-01-4015,Sports and travel,49.49,6.6
709-58-4068,Fashion accessories,41.09,7.3
795-49-7276,Fashion accessories,37.15,8.3
556-72-8512,Home and lifestyle,22.96,4.3
627-95-3243,Home and lifestyle,77.68,9.8
686-41-0932,Fashion accessories,34.7,8.2
510-09-5628,Fashion accessories,19.66,7.2
608-04-3797,Health and beauty,25.32,8.7
148-82-2527,Home and lifestyle,12.12,8.4
437-53-3084,Fashion accessories,99.89,7.1
632-32-4574,Sports and travel,75.92,5.5
556-97-7101,Electronic accessories,63.22,8.5
862-59-8517,Food and beverages,90.24,6.2
401-18-8016,Sports and travel,98.13,8.9
420-18-8989,Sports and travel,51.52,9.6
277-63-2961,Sports and travel,73.97,5.4
573-98-8548,Fashion accessories,31.9,9.1
620-02-2046,Home and lifestyle,69.4,9
282-35-2475,Sports and travel,93.31,6.3
511-54-3087,Sports and travel,88.45,9.5
726-29-6793,Electronic accessories,24.18,9.8
387-49-4215,Sports and travel,48.5,6.7
862-17-9201,Food and beverages,84.05,7.7
291-21-5991,Health and beauty,61.29,7
602-80-9671,Home and lifestyle,15.95,5.1
347-72-6115,Sports and travel,90.74,6.2
209-61-0206,Home and lifestyle,42.91,6.1
595-27-4851,Fashion accessories,54.28,9.3
189-52-0236,Electronic accessories,99.55,7.6
503-07-0930,Sports and travel,58.39,8.2
413-20-6708,Fashion accessories,51.47,8.5
425-85-2085,Health and beauty,54.86,9.8
521-18-7827,Home and lifestyle,39.39,8.7
220-28-1851,Home and lifestyle,34.73,9.7
600-38-9738,Sports and travel,71.92,4.3
734-91-1155,Electronic accessories,45.71,7.7
451-28-5717,Home and lifestyle,83.17,7.3
609-81-8548,Home and lifestyle,37.44,5.9
133-14-7229,Health and beauty,62.87,5
534-01-4457,Food and beverages,81.71,8
719-89-8991,Sports and travel,91.41,7.1
286-62-6248,Fashion accessories,39.21,9
339-38-9982,Fashion accessories,59.86,6.7
827-44-5872,Food and beverages,54.36,6.1
827-77-7633,Sports and travel,98.09,9.3
287-83-1405,Health and beauty,25.43,7
435-13-4908,Fashion accessories,86.68,7.2
857-67-9057,Electronic accessories,22.95,8.2
236-27-1144,Food and beverages,16.31,8.4
892-05-6689,Home and lifestyle,28.32,6.2
583-41-4548,Home and lifestyle,16.67,7.4
339-12-4827,Fashion accessories,73.96,5
643-38-7867,Home and lifestyle,97.94,6.9
308-81-0538,Fashion accessories,73.05,4.9
358-88-9262,Food and beverages,87.48,5.1
460-35-4390,Home and lifestyle,30.68,9.1
343-87-0864,Health and beauty,75.88,7.1
173-50-1108,Sports and travel,20.18,5
243-47-2663,Electronic accessories,18.77,5.5
841-18-8232,Food and beverages,71.2,9.2
701-23-5550,Home and lifestyle,38.81,4.9
647-50-1224,Fashion accessories,29.42,8.9
541-48-8554,Sports and travel,60.95,6
539-21-7227,Sports and travel,51.54,4.2
213-32-1216,Electronic accessories,66.06,7.3
747-58-7183,Fashion accessories,57.27,6.5
582-52-8065,Fashion accessories,54.31,8.9
210-57-1719,Health and beauty,58.24,9.7
399-69-4630,Electronic accessories,22.21,8.6
134-75-2619,Electronic accessories,19.32,6.9
356-44-8813,Home and lifestyle,37.48,7.7
198-66-9832,Fashion accessories,72.04,9.5
283-26-5248,Food and beverages,98.52,4.5
712-39-0363,Food and beverages,41.66,5.6
218-59-9410,Home and lifestyle,72.42,8.2
174-75-0888,Electronic accessories,21.58,7.3
866-99-7614,Food and beverages,89.2,4.4
134-54-4720,Electronic accessories,42.42,5.7
760-90-2357,Electronic accessories,74.51,5
514-37-2845,Fashion accessories,99.25,9
698-98-5964,Food and beverages,81.21,6.3
718-57-9773,Sports and travel,49.33,9.4
651-88-7328,Fashion accessories,65.74,7.7
241-11-2261,Fashion accessories,79.86,5.5
408-26-9866,Sports and travel,73.98,4.1
834-83-1826,Home and lifestyle,82.04,7.6
343-61-3544,Sports and travel,26.67,8.6
239-48-4278,Food and beverages,10.13,8.3
355-34-6244,Food and beverages,72.39,8.1
550-84-8664,Sports and travel,85.91,8.6
339-96-8318,Fashion accessories,81.31,6.3
458-61-0011,Food and beverages,60.3,5.8
592-34-6155,Food and beverages,31.77,6.2
797-88-0493,Health and beauty,64.27,7.7
207-73-1363,Health and beauty,69.51,8.1
390-31-6381,Food and beverages,27.22,7.3
443-82-0585,Health and beauty,77.68,8.4
339-18-7061,Fashion accessories,92.98,8
359-90-3665,Fashion accessories,18.08,9.5
375-72-3056,Sports and travel,63.06,7
127-47-6963,Health and beauty,51.71,9.8
278-86-2735,Food and beverages,52.34,9.2
695-28-6250,Sports and travel,43.06,7.7
379-17-6588,Fashion accessories,59.61,5.3
227-50-3718,Health and beauty,14.62,4.4
302-15-2162,Health and beauty,46.53,4.3
788-07-8452,Home and lifestyle,24.24,9.4
560-49-6611,Sports and travel,45.58,9.8
880-35-0356,Sports and travel,75.2,4.8
585-11-6748,Sports and travel,96.8,5.3
470-31-3286,Health and beauty,14.82,8.7
152-68-2907,Food and beverages,52.2,9.5
123-35-4896,Sports and travel,46.66,5.3
258-69-7810,Fashion accessories,36.85,9.2
334-64-2006,Home and lifestyle,70.32,9.6
219-61-4139,Electronic accessories,83.08,6.4
881-41-7302,Fashion accessories,64.99,4.5
373-09-4567,Food and beverages,77.56,6.9
642-30-6693,Sports and travel,54.51,7.8
484-22-8230,Fashion accessories,51.89,4.5
830-58-2383,Home and lifestyle,31.75,8.6
559-98-9873,Fashion accessories,53.65,5.2
544-32-5024,Food and beverages,49.79,6.4
318-12-0304,Fashion accessories,30.61,5.2
349-97-8902,Food and beverages,57.89,8.9
421-95-9805,Electronic accessories,28.96,6.2
277-35-5865,Food and beverages,98.97,6.7
789-23-8625,Fashion accessories,93.22,7.2
284-54-4231,Sports and travel,80.93,9
443-59-0061,Food and beverages,67.45,4.2
509-29-3912,Sports and travel,38.72,4.2
327-40-9673,Sports and travel,72.6,6.9
840-19-2096,Electronic accessories,87.91,4.4
828-46-6863,Food and beverages,98.53,4
641-96-3695,Fashion accessories,43.46,8.5
420-97-3340,Food and beverages,71.68,9.2
436-54-4512,Food and beverages,91.61,9.8
670-79-6321,Home and lifestyle,94.59,4.9
852-62-7105,Fashion accessories,83.25,4.4
598-06-7312,Fashion accessories,91.35,6.8
135-13-8269,Food and beverages,78.88,9.1
816-57-2053,Sports and travel,60.87,8.7
628-90-8624,Health and beauty,82.58,5
856-66-2701,Home and lifestyle,53.3,7.5
308-39-1707,Fashion accessories,12.09,8.2
149-61-1929,Sports and travel,64.19,6.7
655-07-2265,Electronic accessories,78.31,5.4
589-02-8023,Food and beverages,83.77,7
420-04-7590,Home and lifestyle,99.7,4.7
182-88-2763,Food and beverages,79.91,5
188-55-0967,Health and beauty,66.47,5
610-46-4100,Health and beauty,28.95,6
318-81-2368,Electronic accessories,46.2,6.3
364-33-8584,Food and beverages,17.63,8.5
665-63-9737,Fashion accessories,52.42,7.5
695-09-5146,Food and beverages,98.79,6.4
155-45-3814,Electronic accessories,88.55,4.7
794-32-2436,Electronic accessories,55.67,6
131-15-8856,Food and beverages,72.52,4
273-84-2164,Electronic accessories,12.05,5.5
706-36-6154,Home and lifestyle,19.36,8.7
778-89-7974,Health and beauty,70.21,7.4
574-31-8277,Fashion accessories,33.63,5.6
859-71-0933,Sports and travel,15.49,6.3
740-11-5257,Electronic accessories,24.74,7.1
369-82-2676,Electronic accessories,75.66,7.8
563-47-4072,Health and beauty,55.81,9.9
742-04-5161,Home and lifestyle,72.78,7.3
149-15-7606,Sports and travel,37.32,5.1
133-77-3154,Fashion accessories,60.18,9.4
169-52-4504,Electronic accessories,15.69,5.8
250-81-7186,Electronic accessories,99.69,8
562-12-5430,Fashion accessories,88.15,7.9
816-72-8853,Sports and travel,27.93,5.9
491-38-3499,Fashion accessories,55.45,4.9
322-02-2271,Sports and travel,42.97,9.3
842-29-4695,Sports and travel,17.14,7.9
725-67-2480,Fashion accessories,58.75,5.9
641-51-2661,Food and beverages,87.1,9.9
714-02-3114,Sports and travel,98.8,7.7
518-17-2983,Fashion accessories,48.63,7.6
779-42-2410,Food and beverages,57.74,7.7
190-14-3147,Health and beauty,17.97,6.4
408-66-6712,Health and beauty,47.71,4.4
679-22-6530,Sports and travel,40.62,4.1
588-47-8641,Fashion accessories,56.04,4.4
642-61-4706,Food and beverages,93.4,5.5
576-31-4774,Health and beauty,73.41,4
556-41-6224,Health and beauty,33.64,9.3
811-03-8790,Electronic accessories,45.48,4.8
242-11-3142,Fashion accessories,83.77,4.6
752-23-3760,Sports and travel,64.08,7.3
274-05-5470,Food and beverages,73.47,6
648-94-3045,Health and beauty,58.95,8.1
130-67-4723,Food and beverages,48.5,9.4
528-87-5606,Electronic accessories,39.48,6.5
320-85-2052,Sports and travel,34.81,7
370-96-0655,Fashion accessories,49.32,7.1
105-10-6182,Fashion accessories,21.48,6.6
510-79-0415,Sports and travel,23.08,4.9
241-96-5076,Home and lifestyle,49.1,6.4
767-97-4650,Sports and travel,64.83,8
648-83-1321,Home and lifestyle,63.56,4.3
173-57-2300,Sports and travel,72.88,6.1
305-03-2383,Food and beverages,67.1,7.5
394-55-6384,Sports and travel,70.19,6.7
266-20-6657,Food and beverages,55.04,5.2
689-05-1884,Health and beauty,48.63,8.8
196-01-2849,Fashion accessories,73.38,9.5
372-62-5264,Food and beverages,52.6,7.6
800-09-8606,Home and lifestyle,87.37,6.6
182-52-7000,Sports and travel,27.04,6.9
826-58-8051,Home and lifestyle,62.19,4.3
868-06-0466,Electronic accessories,69.58,7.8
751-41-9720,Home and lifestyle,97.5,8
626-43-7888,Fashion accessories,60.41,9.6
176-64-7711,Food and beverages,32.32,4.3
191-29-0321,Fashion accessories,19.77,5
729-06-2010,Health and beauty,80.47,9.2
640-48-5028,Home and lifestyle,88.39,6.3
186-79-9562,Health and beauty,71.77,8.9
834-45-5519,Electronic accessories,43,7.6
162-65-8559,Food and beverages,68.98,4.8
760-27-5490,Fashion accessories,15.62,9.1
445-30-9252,Sports and travel,25.7,6.1
786-94-2700,Food and beverages,80.62,9.1
728-88-7867,Home and lifestyle,75.53,8.3
183-21-3799,Electronic accessories,77.63,7.2
268-20-3585,Health and beauty,13.85,6
735-32-9839,Fashion accessories,98.7,8.5
258-92-7466,Health and beauty,35.68,6.6
857-16-3520,Fashion accessories,71.46,4.5
482-17-1179,Electronic accessories,11.94,8.1
788-21-5741,Fashion accessories,45.38,7.2
821-14-9046,Fashion accessories,17.48,6.1
418-05-0656,Fashion accessories,25.56,7.1
678-79-0726,Sports and travel,90.63,5.1
776-68-1096,Home and lifestyle,44.12,7.9
592-46-1692,Food and beverages,36.77,7.4
434-35-9162,Food and beverages,23.34,7.4
149-14-0304,Health and beauty,28.5,6.6
442-44-6497,Home and lifestyle,55.57,5.9
174-64-0215,Sports and travel,69.74,8.9
210-74-9613,Fashion accessories,97.26,6.8
299-29-0180,Home and lifestyle,52.18,9.3
247-11-2470,Fashion accessories,22.32,4.4
635-28-5728,Health and beauty,56,4.8
756-49-0168,Fashion accessories,19.7,9.5
438-23-1242,Electronic accessories,75.88,8.9
238-45-6950,Food and beverages,53.72,6.4
607-65-2441,Health and beauty,81.95,6
386-27-7606,Home and lifestyle,81.2,8.1
137-63-5492,Electronic accessories,58.76,9
197-77-7132,Electronic accessories,91.56,6
805-86-0265,Home and lifestyle,93.96,9.8
733-29-1227,Home and lifestyle,55.61,8.5
451-73-2711,Food and beverages,84.83,8.8
373-14-0504,Sports and travel,71.63,8.8
546-80-2899,Home and lifestyle,37.69,9.5
345-68-9016,Sports and travel,31.67,5.6
390-17-5806,Food and beverages,38.42,8.6
457-13-1708,Fashion accessories,65.23,5.2
664-14-2882,Home and lifestyle,10.53,5.8
487-79-6868,Home and lifestyle,12.29,8
314-23-4520,Health and beauty,81.23,9
210-30-7976,Fashion accessories,22.32,4.1
585-86-8361,Food and beverages,27.28,8.6
807-14-7833,Electronic accessories,17.42,7
775-72-1988,Home and lifestyle,73.28,8.4
288-38-3758,Fashion accessories,84.87,7.4
652-43-6591,Fashion accessories,97.29,6.2
785-96-0615,Electronic accessories,35.74,4.9
406-46-7107,Home and lifestyle,96.52,4.5
250-17-5703,Food and beverages,18.85,5.6
156-95-3964,Food and beverages,55.39,8
842-40-8179,Food and beverages,77.2,5.6
525-09-8450,Electronic accessories,72.13,4.2
410-67-1709,Fashion accessories,63.88,9.9
587-73-4862,Health and beauty,10.69,7.6
787-87-2010,Health and beauty,55.5,6.6
593-14-4239,Home and lifestyle,95.46,4.7
801-88-0346,Fashion accessories,76.06,9.8
388-76-2555,Sports and travel,13.69,6.3
711-31-1234,Electronic accessories,95.64,7.9
886-54-6089,Home and lifestyle,11.43,7.7
707-32-7409,Sports and travel,95.54,4.5
759-98-4285,Health and beauty,85.87,8
201-63-8275,Sports and travel,67.99,5.7
471-06-8611,Food and beverages,52.42,6.3
200-16-5952,Food and beverages,65.65,6
120-54-2248,Food and beverages,28.86,8
102-77-2261,Health and beauty,65.31,4.2
875-31-8302,Sports and travel,93.38,9.6
102-06-2002,Sports and travel,25.25,6.1
457-94-0464,Electronic accessories,87.87,5.6
629-42-4133,Health and beauty,21.8,8.3
534-53-3526,Sports and travel,94.76,7.8
307-04-2070,Fashion accessories,30.62,4.1
468-99-7231,Home and lifestyle,44.01,8.8
516-77-6464,Health and beauty,10.16,4.1
404-91-5964,Electronic accessories,74.58,9
886-77-9084,Electronic accessories,71.89,5.5
790-38-4466,Health and beauty,10.99,9.3
704-10-4056,Health and beauty,60.47,5.6
497-37-6538,Sports and travel,58.91,9.7
651-96-5970,Fashion accessories,46.41,4
400-80-4065,Health and beauty,68.55,9.2
744-16-7898,Home and lifestyle,97.37,4.9
263-12-5321,Electronic accessories,92.6,9.3
702-72-0487,Electronic accessories,46.61,6.6
605-83-1050,Fashion accessories,27.18,4.3
443-60-9639,Home and lifestyle,60.87,5.5
864-24-7918,Sports and travel,24.49,8.1
359-94-5395,Health and beauty,92.78,9.8
401-09-4232,Home and lifestyle,86.69,9.4
751-15-6198,Sports and travel,23.01,7.9
324-41-6833,Electronic accessories,30.2,5.1
474-33-8305,Fashion accessories,67.39,6.9
759-29-9521,Fashion accessories,48.96,8
831-81-6575,Electronic accessories,75.59,8
220-68-6701,Home and lifestyle,77.47,4.2
618-34-8551,Sports and travel,93.18,8.5
257-60-7754,Electronic accessories,50.23,9
559-61-5987,Health and beauty,17.75,8.6
189-55-2313,Fashion accessories,62.18,6
565-91-4567,Health and beauty,10.75,6.2
380-60-5336,Electronic accessories,40.26,5
815-04-6282,Sports and travel,64.97,6.5
674-56-6360,Electronic accessories,95.15,6
778-34-2523,Electronic accessories,48.62,5
499-27-7781,Food and beverages,53.21,5
477-59-2456,Fashion accessories,45.44,9.2
832-51-6761,Food and beverages,33.88,9.6
869-11-3082,Health and beauty,96.16,8.4
190-59-3964,Food and beverages,47.16,6
366-43-6862,Electronic accessories,52.89,6.7
186-43-8965,Home and lifestyle,47.68,4.1
784-21-9238,Sports and travel,10.17,5.9
276-75-6884,Health and beauty,68.71,8.7
109-86-4363,Sports and travel,60.08,4.5
569-76-2760,Sports and travel,22.01,6.6
222-42-0244,Health and beauty,72.11,7.7
760-53-9233,Fashion accessories,41.28,8.5
538-22-0304,Electronic accessories,64.95,5.2
416-17-9926,Electronic accessories,74.22,4.3
237-44-6163,Electronic accessories,10.56,7.6
636-17-0325,Health and beauty,62.57,9.5
343-75-9322,Sports and travel,11.85,4.1
528-14-9470,Health and beauty,91.3,9.2
427-45-9297,Home and lifestyle,40.73,5.4
807-34-3742,Fashion accessories,52.38,5.8
288-62-1085,Fashion accessories,38.54,5.6
670-71-7306,Sports and travel,44.63,5.1
660-29-7083,Electronic accessories,55.87,5.8
271-77-8740,Sports and travel,29.22,5
497-36-0989,Fashion accessories,51.94,7.9
291-59-1384,Electronic accessories,60.3,6
860-73-6466,Sports and travel,39.47,5
549-23-9016,Food and beverages,14.87,8.9
896-34-0956,Fashion accessories,21.32,5.9
804-38-3935,Electronic accessories,93.78,5.9
585-90-0249,Electronic accessories,73.26,9.7
862-29-5914,Sports and travel,22.38,8.6
845-94-6841,Food and beverages,72.88,4
125-45-2293,Fashion accessories,99.1,4.2
843-73-4724,Fashion accessories,74.1,9.2
409-33-9708,Fashion accessories,98.48,9.2
658-66-3967,Health and beauty,53.19,5
866-70-2814,Electronic accessories,52.79,10
160-22-2687,Health and beauty,95.95,8.8
895-03-6665,Fashion accessories,36.51,4.2
770-42-8960,Food and beverages,21.12,6.3
748-45-2862,Home and lifestyle,28.31,8.2
234-36-2483,Health and beauty,57.59,5.1
316-66-3011,Food and beverages,47.63,5
848-95-6252,Home and lifestyle,86.27,7
840-76-5966,Sports and travel,12.76,7.8
152-03-4217,Home and lifestyle,11.28,4.3
533-66-5566,Home and lifestyle,51.07,7
124-31-1458,Electronic accessories,79.59,6.6
176-78-1170,Health and beauty,33.81,7.3
361-59-0574,Sports and travel,90.53,6.5
101-81-4070,Health and beauty,62.82,4.9
631-34-1880,Food and beverages,24.31,4.3
852-82-2749,Sports and travel,64.59,9.3
873-14-6353,Food and beverages,24.82,7.1
584-66-4073,Fashion accessories,56.5,9.6
544-55-9589,Electronic accessories,21.43,6.2
166-19-2553,Sports and travel,89.06,9.9
737-88-5876,Home and lifestyle,23.29,5.9
154-87-7367,Home and lifestyle,65.26,6.3
885-56-0389,Fashion accessories,52.35,4
608-05-3804,Electronic accessories,39.75,6.1
448-61-3783,Electronic accessories,90.02,4.5
761-49-0439,Electronic accessories,12.1,8.6
490-95-0021,Food and beverages,33.21,6
115-38-7388,Fashion accessories,10.18,9.5
311-13-6971,Sports and travel,31.99,9.9
291-55-6563,Home and lifestyle,34.42,7.5
548-48-3156,Food and beverages,83.34,7.6
460-93-5834,Sports and travel,45.58,5
325-89-4209,Food and beverages,87.9,6.7
884-80-6021,Electronic accessories,73.47,9.5
137-74-8729,Fashion accessories,12.19,6.8
880-46-5796,Sports and travel,76.92,5.6
389-70-2397,Health and beauty,83.66,7.2
114-35-5271,Electronic accessories,57.91,8.1
607-76-6216,Fashion accessories,92.49,8.6
715-20-1673,Electronic accessories,28.38,9.4
811-35-1094,Electronic accessories,50.45,8.9
699-88-1972,Health and beauty,99.16,4.2
781-84-8059,Fashion accessories,60.74,5
409-49-6995,Food and beverages,47.27,8.8
725-54-0677,Health and beauty,85.6,5.3
146-09-5432,Food and beverages,35.04,4.6
377-79-7592,Electronic accessories,44.84,7.5
509-10-0516,Home and lifestyle,45.97,5.1
595-94-9924,Health and beauty,27.73,4.2
865-41-9075,Food and beverages,11.53,8.1
545-07-8534,Health and beauty,58.32,6
118-62-1812,Home and lifestyle,78.38,7.9
450-42-3339,Health and beauty,84.61,8.8
851-98-3555,Health and beauty,82.88,6.6
186-71-5196,Food and beverages,79.54,6.2
624-01-8356,Home and lifestyle,49.01,4.2
313-66-9943,Food and beverages,29.15,7.3
151-27-8496,Electronic accessories,56.13,8.6
453-33-6436,Home and lifestyle,93.12,6.8
522-57-8364,Fashion accessories,51.34,7.6
459-45-2396,Food and beverages,99.6,5.8
717-96-4189,Electronic accessories,35.49,4.1
722-13-2115,Sports and travel,42.85,9.3
749-81-8133,Fashion accessories,94.67,6.8
777-67-2495,Home and lifestyle,68.97,8.7
636-98-3364,Electronic accessories,26.26,6.3
246-55-6923,Home and lifestyle,35.79,5.1
181-82-6255,Home and lifestyle,16.37,7
838-02-1821,Home and lifestyle,12.73,5.2
887-42-0517,Sports and travel,83.14,6.6
457-12-0244,Sports and travel,35.22,6.5
226-34-0034,Electronic accessories,13.78,9
321-49-7382,Sports and travel,88.31,5.2
397-25-8725,Health and beauty,39.62,6.8
431-66-2305,Electronic accessories,88.25,7.6
825-94-5922,Sports and travel,25.31,7.2
641-62-7288,Home and lifestyle,99.92,7.1
756-93-1854,Fashion accessories,83.35,9.5
243-55-8457,Food and beverages,74.44,5.1
458-10-8612,Health and beauty,64.08,7.6
501-61-1753,Home and lifestyle,63.15,9.8
235-06-8510,Home and lifestyle,85.72,5.1
433-08-7822,Health and beauty,78.89,7.5
361-85-2571,Sports and travel,89.48,7.4
131-70-8179,Health and beauty,92.09,4.2
500-02-2261,Food and beverages,57.29,5.9
720-72-2436,Food and beverages,66.52,6.9
702-83-5291,Fashion accessories,99.82,6.6
809-69-9497,Home and lifestyle,45.68,5.7
449-16-6770,Health and beauty,50.79,5.3
333-23-2632,Health and beauty,10.08,4.2
489-82-1237,Electronic accessories,93.88,7.3
859-97-6048,Electronic accessories,84.25,5.3
676-10-2200,Fashion accessories,53.78,4.7
373-88-1424,Home and lifestyle,35.81,7.9
365-16-4334,Food and beverages,26.43,8.9
503-21-4385,Health and beauty,39.91,9.3
305-89-2768,Home and lifestyle,21.9,4.7
574-80-1489,Food and beverages,62.85,8.7
784-08-0310,Food and beverages,21.04,7.6
200-40-6154,Home and lifestyle,65.91,5.7
846-10-0341,Fashion accessories,42.57,6.8
577-34-7579,Food and beverages,50.49,5.4
430-02-3888,Electronic accessories,46.02,7.1
867-47-1948,Home and lifestyle,15.8,7.8
384-59-6655,Food and beverages,98.66,8.4
256-58-3609,Fashion accessories,91.98,9.8
324-92-3863,Electronic accessories,20.89,9.8
593-08-5916,Fashion accessories,15.5,7.4
364-34-2972,Electronic accessories,96.82,6.7
794-42-3736,Food and beverages,33.33,6.4
172-42-8274,Electronic accessories,38.27,5.8
558-60-5016,Home and lifestyle,33.3,7.2
195-06-0432,Home and lifestyle,81.01,9.3
605-03-2706,Health and beauty,15.8,9.5
214-30-2776,Electronic accessories,34.49,9
746-04-1077,Food and beverages,84.63,9
448-34-8700,Home and lifestyle,36.91,6.7
452-04-8808,Electronic accessories,87.08,5.5
531-56-4728,Home and lifestyle,80.08,5.4
744-82-9138,Fashion accessories,86.13,8.2
883-69-1285,Fashion accessories,49.92,7
221-25-5073,Food and beverages,74.66,8.5
518-71-6847,Food and beverages,26.6,4.9
156-20-0370,Electronic accessories,25.45,5.1
151-33-7434,Food and beverages,67.77,6.5
728-47-9078,Food and beverages,59.59,9.8
809-46-1866,Health and beauty,58.15,8.4
139-32-4183,Sports and travel,97.48,7.4
148-41-7930,Health and beauty,99.96,6.1
189-40-5216,Electronic accessories,96.37,6
374-38-5555,Fashion accessories,63.71,8.5
764-44-8999,Health and beauty,14.76,4.3
552-44-5977,Health and beauty,62,6.2
267-62-7380,Electronic accessories,82.34,4.3
430-53-4718,Health and beauty,75.37,8.4
886-18-2897,Food and beverages,56.56,4.5
602-16-6955,Sports and travel,76.6,6
745-74-0715,Electronic accessories,58.03,8.8
690-01-6631,Fashion accessories,17.49,6.6
652-49-6720,Electronic accessories,60.95,5.9
233-67-5758,Health and beauty,40.35,6.2
303-96-2227,Home and lifestyle,97.38,4.4
727-02-1313,Food and beverages,31.84,7.7
347-56-2442,Home and lifestyle,65.82,4.1
849-09-3807,Fashion accessories,88.34,6.6
